"2","七堵區","2013","5657704","6797705","7786303","6121259"
"3","七美鄉","2013","0","0","0","0"
"4","七股區","2013","27035","27020","32809","0"
"5","三地門鄉","2013","0","0","0","0"
"7","三峽區","2013","23257626","19043431","34235105","21066512"
"8","三星鄉","2013","228592","61136","372268","657503"
"9","三民區","2013","41867638","33945575","66120169","38671173"
"10","三灣鄉","2013","116781","45225","101409","28926"
"11","三義鄉","2013","302186","207689","405927","162982"
"12","三芝區","2013","1806787","1391632","2689181","1520762"
"13","三重區","2013","86584768","76272231","111037811","114739966"
"15","下營區","2013","285041","213667","355595","176879"
"17","中區","2013","799014","816460","768900","664382"
"18","中和區","2013","96720677","92861186","152650997","131926312"
"19","中埔鄉","2013","923124","945513","1031766","972849"
"20","中壢區","2013","81271289","91866528","128379302","110653527"
"22","中寮鄉","2013","14409","49244","16903","24866"
"23","中山區","2013","79453307","75269108","112715405","78641770"
"24","中正區","2013","59170916","61668932","71791299","120877966"
"25","中西區","2013","8752719","6578686","8755948","13084478"
"27","九如鄉","2013","157740","171547","743829","478070"
"28","二崙鄉","2013","64929","137536","77304","15125"
"29","二林鎮","2013","1090678","645974","1475363","1354942"
"30","二水鄉","2013","23068","4853","56508","125113"
"31","五峰鄉","2013","0","0","0","0"
"32","五結鄉","2013","3098228","2254253","3164022","2047633"
"33","五股區","2013","11430654","9913796","19344952","17002792"
"34","仁德區","2013","21339613","11786136","11718649","10736732"
"35","仁愛區","2013","1447584","1014740","2406857","1759339"
"36","仁愛鄉","2013","0","0","4743","0"
"37","仁武區","2013","15361161","16790549","21846900","18501734"
"38","伸港鄉","2013","1255298","742117","1157096","667543"
"39","佳冬鄉","2013","104533","156974","99088","133659"
"40","佳里區","2013","2996281","2429120","3263741","3012402"
"41","來義鄉","2013","0","0","0","0"
"42","信義區","2013","57809231","67429064","99045044","90136786"
"43","信義鄉","2013","0","0","0","0"
"44","元長鄉","2013","12883","11907","5985","76680"
"45","光復鄉","2013","64909","169088","135072","180693"
"46","內埔鄉","2013","1101352","1594769","1423840","922973"
"47","內湖區","2013","89610407","98195853","152600841","107579029"
"48","內門區","2013","0","8500","0","0"
"50","八德區","2013","19471118","24415018","25542802","45156414"
"52","八里區","2013","14355533","11596080","17400949","13419465"
"53","公館鄉","2013","500521","689114","904933","658092"
"54","六甲區","2013","168058","339389","337726","298921"
"55","六腳鄉","2013","51223","33369","67502","25217"
"56","六龜區","2013","0","9846","0","0"
"57","冬山鄉","2013","2099542","1891979","2009856","2341615"
"59","前金區","2013","2492100","2630655","3017837","3385605"
"60","前鎮區","2013","14743258","12764212","25264926","25021985"
"62","北區","2013","55862423","56530875","62421973","49324224"
"63","北埔鄉","2013","47259","69995","226956","24617"
"64","北屯區","2013","57678646","56479663","76381252","70687301"
"65","北投區","2013","73285975","61505988","79859015","59624452"
"66","北斗鎮","2013","1141993","1251902","1338576","1524772"
"67","北港鎮","2013","2014074","2570631","2614187","1844528"
"68","北竿鄉","2013","4999","33212","13633","1330"
"69","北門區","2013","3208","45723","37292","97665"
"71","卑南鄉","2013","70423","105043","56857","0"
"72","卓溪鄉","2013","10502","450","0","0"
"73","卓蘭鎮","2013","280285","124205","229623","106413"
"74","南化區","2013","0","0","0","0"
"75","南區","2013","31029976","33288863","46653703","41427907"
"76","南屯區","2013","74455389","38611375","65823962","46888434"
"77","南州鄉","2013","98196","31694","105941","80952"
"78","南庄鄉","2013","57830","36033","85083","18149"
"79","南投市","2013","0","0","0","0"
"80","南港區","2013","52042525","44722588","53994596","38428517"
"81","南澳鄉","2013","0","3995","4810","17550"
"82","南竿鄉","2013","60638","4424","13520","21430"
"83","口湖鄉","2013","0","0","28476","0"
"84","古坑鄉","2013","116208","165523","48696","49349"
"86","吉安鄉","2013","5501580","7225259","8737051","7241755"
"87","名間鄉","2013","318846","155599","169441","103992"
"88","后里區","2013","3209859","3401569","2403631","2385202"
"89","和平區","2013","0","0","0","0"
"90","和美鎮","2013","3350190","2685951","2964881","4216000"
"92","員山鄉","2013","710688","253188","381254","893480"
"93","員林市","2013","0","0","0","0"
"94","善化區","2013","6401498","4172829","7749604","10532097"
"95","東區","2013","32103236","30880322","37793822","35763288"
"96","四湖鄉","2013","103551","69071","54631","128847"
"99","國姓鄉","2013","68868","78073","109995","46821"
"100","土城區","2013","43446900","41842764","62507803","65327683"
"101","土庫鎮","2013","578108","594209","644256","1657965"
"103","坪林區","2013","0","115397","73333","0"
"104","埔心鄉","2013","885698","330633","869234","759610"
"105","埔里鎮","2013","2446666","2910500","4264819","4234715"
"106","埔鹽鄉","2013","203449","81946","228768","43351"
"107","埤頭鄉","2013","363995","359784","556148","111403"
"109","士林區","2013","88069782","74611562","84637241","63291868"
"110","壯圍鄉","2013","191551","1993224","550127","296869"
"111","壽豐鄉","2013","148558","375996","418923","555583"
"112","外埔區","2013","700580","1602582","1421557","594105"
"114","大內區","2013","21567","16110","24858","8029"
"115","大同區","2013","15898605","13152404","24823605","15463557"
"116","大同鄉","2013","0","0","0","0"
"117","大園區","2013","10865452","16806525","9841966","16377628"
"118","大城鄉","2013","39605","10988","15856","6053"
"119","大埔鄉","2013","30826","0","20579","468"
"120","大埤鄉","2013","25512","59080","48142","36306"
"121","大安區","2013","98889370","112808109","146421285","114015671"
"122","大寮區","2013","6474049","5792122","7832094","9059305"
"124","大村鄉","2013","378424","293119","511526","776446"
"125","大林鎮","2013","791070","498687","529327","784523"
"126","大樹區","2013","588165","732193","542204","491313"
"127","大武鄉","2013","14810","0","11107","45281"
"128","大湖鄉","2013","74676","67968","205406","537556"
"129","大溪區","2013","6594869","4818595","7440315","6823540"
"131","大甲區","2013","3374017","2400839","2761445","4390939"
"132","大社區","2013","1837973","3952988","4575567","3921683"
"133","大肚區","2013","3989712","2486071","2654072","1462192"
"134","大里區","2013","20309492","16258475","23149803","18274190"
"135","大雅區","2013","6519376","5695995","7484170","6792119"
"136","太保市","2013","0","0","0","0"
"137","太平區","2013","55738314","21144268","32980924","44782377"
"138","太麻里鄉","2013","195926","298233","188886","146985"
"140","學甲區","2013","437376","332755","610213","456614"
"141","安南區","2013","21725361","27888412","31107275","19607010"
"142","安定區","2013","303798","447726","1004560","385632"
"143","安平區","2013","22801794","11899601","14632509","10200159"
"144","安樂區","2013","9301253","7904861","12606189","11518797"
"145","官田區","2013","269703","262294","260226","264486"
"146","宜蘭市","2013","0","0","0","0"
"147","富里鄉","2013","39211","45758","127443","51095"
"148","寶山鄉","2013","562837","355199","681955","286834"
"149","將軍區","2013","57313","30489","47869","133296"
"151","小港區","2013","9024428","10115487","12706517","9335807"
"154","尖石鄉","2013","0","0","125825","0"
"155","屏東市","2013","0","0","0","0"
"156","山上區","2013","117813","44680","128098","26325"
"157","岡山區","2013","45273895","4772595","6516912","6918195"
"158","峨眉鄉","2013","56838","0","13693","0"
"159","崁頂鄉","2013","85155","133691","214231","25889"
"160","崙背鄉","2013","541325","151019","79978","271849"
"161","左營區","2013","37571337","33267403","46425211","29217381"
"162","左鎮區","2013","0","12346","0","0"
"163","布袋鎮","2013","155261","39766","153238","124198"
"164","平溪區","2013","7250","0","11500","11500"
"165","平鎮區","2013","31334339","45616295","56502692","29606321"
"167","延平鄉","2013","465","0","360","0"
"168","彌陀區","2013","102925","78699","170062","583997"
"169","彰化市","2013","0","0","0","0"
"170","後壁區","2013","55980","52727","75332","17883"
"171","後龍鎮","2013","1253081","1544948","1961695","1007316"
"173","復興區","2013","0","5332","21272","17877"
"174","恆春鎮","2013","1222159","1405479","1894212","1092587"
"175","成功鎮","2013","286275","120261","166765","201194"
"177","文山區","2013","84759103","62116696","95698188","67848041"
"178","斗六市","2013","0","0","0","0"
"179","斗南鎮","2013","1048766","470218","910015","1218038"
"180","新化區","2013","776480","1465401","1275048","955893"
"181","新園鄉","2013","297621","315792","441395","293523"
"182","新城鄉","2013","631254","561452","1635810","633689"
"183","新埔鎮","2013","473955","321549","228262","240905"
"184","新埤鄉","2013","9162","2152","10264","41855"
"186","新屋區","2013","2542470","1395423","3180761","5562630"
"188","新市區","2013","0","0","0","0"
"189","新店區","2013","66552259","61877682","91737616","78254485"
"190","新港鄉","2013","168953","311299","249955","745739"
"191","新營區","2013","4780310","5850626","7266141","5655741"
"192","新社區","2013","1026385","172303","187080","209284"
"193","新興區","2013","1637659","1251067","2547143","2593548"
"194","新莊區","2013","98547149","98038078","122907139","118342506"
"195","新豐鄉","2013","2553114","2261167","4031472","3468100"
"196","旗山區","2013","988155","619032","659816","548309"
"197","旗津區","2013","273948","74448","204426","224208"
"200","春日鄉","2013","0","0","0","0"
"202","暖暖區","2013","2978123","3155868","19551317","6978632"
"203","望安鄉","2013","0","0","0","0"
"204","朴子市","2013","0","0","0","0"
"206","杉林區","2013","0","0","0","0"
"208","東勢區","2013","1770723","1609167","1449173","1201972"
"209","東勢鄉","2013","61396","15015","34235","50126"
"210","東區","2013","32103236","30880322","37793822","35763288"
"212","東山區","2013","114380","107077","110409","57361"
"213","東引鄉","2013","5103","0","1865","0"
"215","東河鄉","2013","122308","50404","129721","21374"
"216","東港鎮","2013","2354008","2865398","2958753","2419175"
"217","東石鄉","2013","23484","35966","38481","0"
"218","松山區","2013","49139797","51489651","74979227","56597399"
"220","板橋區","2013","114493149","130950263","175977591","146745260"
"221","枋寮鄉","2013","354369","291725","302779","257117"
"222","枋山鄉","2013","4746","0","0","0"
"223","林內鄉","2013","87107","116719","79963","104011"
"224","林口區","2013","66018604","70295779","90414312","56097009"
"225","林園區","2013","1649262","1407298","3629420","1359783"
"226","林邊鄉","2013","110438","111767","217772","116327"
"227","柳營區","2013","94496","262952","301716","374069"
"228","桃園區","2013","104284551","94185066","137724192","132096774"
"229","桃源區","2013","0","0","0","0"
"230","梅山鄉","2013","77641","93651","104864","143687"
"231","梓官區","2013","992882","719484","757522","406258"
"232","梧棲區","2013","3540818","2717569","4724083","4981648"
"233","楊梅區","2013","13451146","16969690","20203804","18606672"
"234","楠梓區","2013","24541237","23871552","36164916","29469033"
"235","楠西區","2013","220588","196941","228333","278863"
"236","樹林區","2013","20404863","20434891","29983167","23255639"
"237","橋頭區","2013","3124449","1771065","3334769","1917368"
"238","橫山鄉","2013","220962","86286","90709","49885"
"242","歸仁區","2013","5795296","4889857","5157649","4205273"
"243","民雄鄉","2013","2591603","2391927","3795286","3565064"
"244","水上鄉","2013","982229","399586","770406","328997"
"245","水林鄉","2013","172936","24012","106669","75959"
"246","水里鄉","2013","111137","238360","225736","397294"
"247","永和區","2013","52516303","37303038","51171450","45924624"
"248","永安區","2013","92564","88821","70878","20589"
"249","永康區","2013","32659214","33707864","43191633","30023649"
"250","永靖鄉","2013","1185295","1156183","878624","269419"
"251","汐止區","2013","84815460","64466038","87083433","63551521"
"254","池上鄉","2013","137899","243591","270530","155600"
"255","沙鹿區","2013","16432799","15815673","16803097","12259545"
"256","泰安鄉","2013","0","0","0","0"
"257","泰山區","2013","8765826","8718317","24484906","32552942"
"258","泰武鄉","2013","0","0","0","0"
"259","海端鄉","2013","0","0","0","0"
"260","淡水區","2013","162437992","81170637","109334927","113167253"
"261","深坑區","2013","2196946","2404589","2587860","2855415"
"262","清水區","2013","4158010","4428886","7164595","3600630"
"266","湖內區","2013","2195639","1519081","1860119","1575383"
"267","湖口鄉","2013","3229217","3430261","4791275","2651354"
"268","湖西鄉","2013","0","0","0","0"
"269","溪口鄉","2013","52980","16014","59789","35760"
"270","溪州鄉","2013","221143","264879","318298","579274"
"271","溪湖鎮","2013","1628351","1594821","3632925","3721880"
"272","滿州鄉","2013","33619","68029","11042","27641"
"273","潭子區","2013","9690783","8062057","13850846","10190787"
"274","潮州鎮","2013","4039823","2975470","4073807","4000962"
"275","烈嶼鄉","2013","2982","6763","0","0"
"276","烏來區","2013","0","0","5200","8921"
"277","烏坵鄉","2013","0","0","0","0"
"278","烏日區","2013","10453364","6223636","12082516","12129270"
"279","燕巢區","2013","972768","528472","888790","852695"
"280","牡丹鄉","2013","0","0","0","0"
"282","獅子鄉","2013","0","0","0","0"
"283","獅潭鄉","2013","0","0","0","0"
"284","玉井區","2013","88595","354509","216580","197611"
"285","玉里鎮","2013","596294","346101","810430","563841"
"286","琉球鄉","2013","192746","228034","219681","205512"
"288","瑞穗鄉","2013","75030","50579","187853","42893"
"289","瑞芳區","2013","370488","223228","209689","30912"
"290","瑪家鄉","2013","0","0","0","0"
"291","田中鎮","2013","820450","710855","1565485","1484263"
"292","田寮區","2013","0","18630","0","0"
"293","田尾鄉","2013","302227","320595","161972","49678"
"294","甲仙區","2013","7206","12728","9058","44270"
"296","番路鄉","2013","203232","280478","167562","131544"
"297","白沙鄉","2013","6036","6200","6557","0"
"298","白河區","2013","469797","644685","552193","517056"
"300","石岡區","2013","210644","168062","313191","141102"
"301","石碇區","2013","105729","87961","30723","115986"
"302","石門區","2013","110877","32531","31953","31953"
"303","礁溪鄉","2013","7082439","6477538","16310276","11081235"
"304","社頭鄉","2013","432489","393877","961800","987471"
"305","神岡區","2013","2228695","2910906","2460967","3722431"
"308","福興鄉","2013","203247","212915","198997","141222"
"309","秀林鄉","2013","2537","3189","7412","40691"
"310","秀水鄉","2013","774419","520790","876572","710806"
"313","竹北市","2013","0","0","0","0"
"314","竹南鎮","2013","10180128","10999676","18744212","13478604"
"315","竹塘鄉","2013","109924","55204","92235","117863"
"316","竹山鎮","2013","1027619","870821","1063101","1230573"
"317","竹崎鄉","2013","63429","19025","93867","126311"
"318","竹東鎮","2013","8778496","8477342","13901424","12990968"
"319","竹田鄉","2013","61936","19449","59028","53648"
"320","綠島鄉","2013","0","0","6050","57560"
"321","線西鄉","2013","101727","97091","160334","150427"
"323","羅東鎮","2013","7248524","6427810","8370830","9622022"
"324","美濃區","2013","540005","543558","943600","338970"
"325","義竹鄉","2013","34703","39732","86107","24597"
"327","北區","2013","55862423","56530875","62421973","49324224"
"328","東區","2013","32103236","30880322","37793822","35763288"
"329","中山區","2013","79453307","75269108","112715405","78641770"
"330","中正區","2013","59170916","61668932","71791299","120877966"
"331","信義區","2013","57809231","67429064","99045044","90136786"
"332","大安區","2013","98889370","112808109","146421285","114015671"
"333","北區","2013","55862423","56530875","62421973","49324224"
"334","南區","2013","31029976","33288863","46653703","41427907"
"335","東區","2013","32103236","30880322","37793822","35763288"
"336","臺東市","2013","0","0","0","0"
"337","臺西鄉","2013","0","0","0","0"
"338","芎林鄉","2013","545059","187334","515051","450043"
"339","芬園鄉","2013","96871","190876","68774","197758"
"340","花壇鄉","2013","1343414","938601","2672821","715094"
"341","花蓮市","2013","0","0","0","0"
"342","芳苑鄉","2013","33348","0","78041","46674"
"343","苑裡鎮","2013","1309943","851886","1070904","965837"
"344","苓雅區","2013","14995221","16112120","23095474","21642332"
"345","苗栗市","2013","0","0","0","0"
"346","茂林區","2013","0","0","0","0"
"347","茄萣區","2013","788971","608776","959086","484780"
"348","草屯鎮","2013","5831882","4528655","6468483","4272385"
"350","莒光鄉","2013","0","0","0","0"
"351","莿桐鄉","2013","251296","123811","186947","160660"
"352","萬丹鄉","2013","1078130","508811","810795","457242"
"353","萬巒鄉","2013","28868","81980","98653","50238"
"354","萬榮鄉","2013","0","0","0","0"
"355","萬華區","2013","24587480","16778349","29356567","38203077"
"356","萬里區","2013","528578","375772","163699","329770"
"358","蘆洲區","2013","41363991","49114912","74655297","65735376"
"359","蘆竹區","2013","38023075","47834101","88414083","47806025"
"360","蘇澳鎮","2013","908400","1252154","1516251","1297796"
"361","蘭嶼鄉","2013","0","0","0","0"
"362","虎尾鎮","2013","5213488","5534744","4053739","4286914"
"363","褒忠鄉","2013","97031","32914","86803","86265"
"364","西區","2013","25436238","34949615","36446474","32786553"
"365","西屯區","2013","76456962","67660848","85272407","76524925"
"366","西嶼鄉","2013","0","0","0","0"
"368","西港區","2013","509100","230928","244234","389079"
"369","西湖鄉","2013","0","0","0","0"
"370","西螺鎮","2013","1269104","1517963","1417869","1393170"
"371","觀音區","2013","2741494","2270138","4137786","1994370"
"374","豐原區","2013","15631613","10596031","17322245","17809770"
"375","豐濱鄉","2013","7076","6020","0","0"
"376","貢寮區","2013","26625","78893","44621","85026"
"378","路竹區","2013","1505585","2081164","2166621","1632266"
"379","車城鄉","2013","182165","72063","49796","318777"
"380","通霄鎮","2013","419792","230294","339679","511426"
"381","造橋鄉","2013","229485","51407","13560","45237"
"382","達仁鄉","2013","7766","0","0","0"
"383","那瑪夏區","2013","0","0","0","0"
"385","里港鄉","2013","444865","114632","158908","444368"
"386","金城鎮","2013","1970331","883249","2398903","618360"
"387","金寧鄉","2013","333694","749748","305177","76801"
"388","金山區","2013","460704","269874","490447","288266"
"389","金峰鄉","2013","0","0","0","0"
"390","金沙鎮","2013","127323","5","11488","20572"
"391","金湖鎮","2013","519803","178189","505982","421893"
"392","銅鑼鄉","2013","157836","154554","175745","260440"
"393","長治鄉","2013","737201","606706","877568","1190997"
"394","長濱鄉","2013","0","0","0","0"
"395","關山鎮","2013","81373","134354","295837","221266"
"396","關廟區","2013","663488","568149","507420","749672"
"397","關西鎮","2013","936262","553900","658577","367560"
"398","阿蓮區","2013","752431","537493","1242054","570880"
"399","阿里山鄉","2013","0","0","0","0"
"400","集集鎮","2013","400391","225879","328404","263065"
"401","雙溪區","2013","20877","79852","82048","147515"
"402","霧峰區","2013","2939022","2060278","2101362","1791729"
"403","霧臺鄉","2013","0","0","0","0"
"406","頭份市","2013","0","0","0","0"
"407","頭城鎮","2013","1927194","598508","1292004","2203905"
"408","頭屋鄉","2013","87108","134323","340053","65706"
"409","香山區","2013","0","0","0","0"
"410","馬公市","2013","0","0","0","0"
"411","高樹鄉","2013","56026","76807","47796","63133"
"412","魚池鄉","2013","91043","25353","215259","124580"
"413","鳥松區","2013","7557177","6110892","9918064","6602659"
"414","鳳山區","2013","52816637","53414403","62283715","44584120"
"415","鳳林鎮","2013","47148","53484","129630","17173"
"416","鶯歌區","2013","9165447","9687798","13082678","11443751"
"417","鹽埔鄉","2013","142419","162265","73133","80215"
"418","鹽埕區","2013","1188718","1044045","1317772","1491785"
"419","鹽水區","2013","398276","481572","475108","468793"
"420","鹿港鎮","2013","3009807","2039609","3209046","5576051"
"421","鹿草鄉","2013","29268","46831","43704","70920"
"422","鹿谷鄉","2013","152427","171769","77434","310902"
"423","鹿野鄉","2013","59210","20830","48046","32534"
"424","麟洛鄉","2013","128110","106746","253224","162954"
"425","麥寮鄉","2013","190508","149621","217859","634465"
"426","麻豆區","2013","1760961","2589219","2403993","1928329"
"427","鼓山區","2013","42308782","36183751","55982295","38802320"
"428","龍井區","2013","4691487","7414985","6100272","2406085"
"429","龍崎區","2013","0","0","0","0"
"430","龍潭區","2013","6187736","4835761","4565711","3174136"
"431","龜山區","2013","18315025","23534315","43022162","20712432"
"2","七堵區","2014","6000462","5355420","7528179","5355420"
"3","七美鄉","2014","0","0","0","0"
"4","七股區","2014","0","0","0","0"
"5","三地門鄉","2014","0","0","0","0"
"7","三峽區","2014","28106501","24638868","24501221","24638868"
"8","三星鄉","2014","198642","76123","168031","76123"
"9","三民區","2014","42124108","37270265","51702373","37270265"
"10","三灣鄉","2014","11096","95960","29454","95960"
"11","三義鄉","2014","194989","98096","212091","98096"
"12","三芝區","2014","1547247","1693640","2152833","1693640"
"13","三重區","2014","116479034","68878775","88333349","68878775"
"15","下營區","2014","862480","203194","875003","203194"
"17","中區","2014","558990","528723","667928","528723"
"18","中和區","2014","143669385","89171905","109505310","89171905"
"19","中埔鄉","2014","1435964","741264","1442607","741264"
"20","中壢區","2014","107110445","71715683","87616014","71715683"
"22","中寮鄉","2014","0","0","0","0"
"23","中山區","2014","97993100","57436489","68660694","57436489"
"24","中正區","2014","54664431","80084043","53694139","80084043"
"25","中西區","2014","6677002","5080515","5649626","5080515"
"27","九如鄉","2014","472679","494577","184690","494577"
"28","二崙鄉","2014","104206","263667","519984","263667"
"29","二林鎮","2014","1021981","598344","1012914","598344"
"30","二水鄉","2014","85977","93929","120440","93929"
"31","五峰鄉","2014","280","280","0","0"
"32","五結鄉","2014","10221674","3275573","3097615","3275573"
"33","五股區","2014","25829654","10311499","21771067","10311499"
"34","仁德區","2014","6659048","11716530","7120112","11716530"
"35","仁愛區","2014","1631343","2591494","2377409","2591494"
"36","仁愛鄉","2014","0","0","0","0"
"37","仁武區","2014","15489291","11774784","15446032","11774784"
"38","伸港鄉","2014","1926041","1443464","829391","1443464"
"39","佳冬鄉","2014","64826","66343","249367","66343"
"40","佳里區","2014","4166110","3724889","3655967","3724889"
"41","來義鄉","2014","0","0","0","0"
"42","信義區","2014","93332034","64895212","95944327","64895212"
"43","信義鄉","2014","0","0","0","0"
"44","元長鄉","2014","91601","6983","33765","6983"
"45","光復鄉","2014","149006","72136","143314","72136"
"46","內埔鄉","2014","991262","1376496","2624689","1376496"
"47","內湖區","2014","103377212","83185934","84298293","83185934"
"48","內門區","2014","0","0","0","0"
"50","八德區","2014","62197562","36852579","24500067","36852579"
"52","八里區","2014","16600382","7107737","10088311","7107737"
"53","公館鄉","2014","574123","430134","1849824","430134"
"54","六甲區","2014","336383","243256","196276","243256"
"55","六腳鄉","2014","66583","39325","35416","39325"
"56","六龜區","2014","0","0","0","0"
"57","冬山鄉","2014","2145602","1627286","4199507","1627286"
"59","前金區","2014","2852493","1461436","2084797","1461436"
"60","前鎮區","2014","20542926","12525206","16937018","12525206"
"62","北區","2014","78516451","53774161","56700698","53774161"
"63","北埔鄉","2014","210403","83929","98111","83929"
"64","北屯區","2014","160566480","57728772","76560976","57728772"
"65","北投區","2014","66781309","53922258","62349407","53922258"
"66","北斗鎮","2014","726781","2058102","1676490","2058102"
"67","北港鎮","2014","1413149","1268061","1827239","1268061"
"68","北竿鄉","2014","3363","3163","4000","3163"
"69","北門區","2014","12711","9049","51002","9049"
"71","卑南鄉","2014","37975","26345","0","26345"
"72","卓溪鄉","2014","0","0","0","0"
"73","卓蘭鎮","2014","167613","188761","218992","188761"
"74","南化區","2014","0","0","0","0"
"75","南區","2014","47810800","37190124","39703836","37190124"
"76","南屯區","2014","75027124","47243170","49133036","47243170"
"77","南州鄉","2014","127375","127246","112362","127246"
"78","南庄鄉","2014","14074","18751","15098","18751"
"79","南投市","2014","8323121","4365548","7069785","4365548"
"80","南港區","2014","49092282","33781847","60936295","33781847"
"81","南澳鄉","2014","4962","16574","0","0"
"82","南竿鄉","2014","8410","17925","3550","0"
"83","口湖鄉","2014","22002","13002","0","0"
"84","古坑鄉","2014","137180","93387","327695","93387"
"86","吉安鄉","2014","7715508","7195325","9092127","7195325"
"87","名間鄉","2014","431584","147944","203998","147944"
"88","后里區","2014","2702300","2292904","1697673","2292904"
"89","和平區","2014","3077","1100","1100","0"
"90","和美鎮","2014","4615710","2326319","3626004","2326319"
"92","員山鄉","2014","721913","646873","875640","646873"
"93","員林市","2014","19190883","8909905","12540309","8909905"
"94","善化區","2014","11707096","18447354","14197828","18447354"
"95","東區","2014","48611184","37895154","34807563","37895154"
"96","四湖鄉","2014","213088","241480","74374","241480"
"99","國姓鄉","2014","256772","90655","180882","90655"
"100","土城區","2014","59960829","34349374","49170921","34349374"
"101","土庫鎮","2014","1430606","657797","951914","657797"
"103","坪林區","2014","0","0","0","0"
"104","埔心鄉","2014","1450001","777191","1276814","777191"
"105","埔里鎮","2014","5383964","4072354","4835584","4072354"
"106","埔鹽鄉","2014","225563","217023","184289","217023"
"107","埤頭鄉","2014","686996","791667","527994","791667"
"109","士林區","2014","77929133","68835023","83638158","68835023"
"110","壯圍鄉","2014","117562","308488","259467","308488"
"111","壽豐鄉","2014","628011","360783","493469","360783"
"112","外埔區","2014","518351","613339","463804","613339"
"114","大內區","2014","33743","18345","20620","18345"
"115","大同區","2014","21169723","17073650","14964743","17073650"
"116","大同鄉","2014","0","0","0","0"
"117","大園區","2014","93116553","6589702","56315179","6589702"
"118","大城鄉","2014","44814","7334","21644","7334"
"119","大埔鄉","2014","19169","23264","24323","23264"
"120","大埤鄉","2014","89769","138785","219200","138785"
"121","大安區","2014","138731932","104208610","124572943","104208610"
"122","大寮區","2014","7119963","6864872","13611193","6864872"
"124","大村鄉","2014","765260","337204","386259","337204"
"125","大林鎮","2014","1027832","507728","957009","507728"
"126","大樹區","2014","568754","951120","872406","951120"
"127","大武鄉","2014","21880","11720","0","11720"
"128","大湖鄉","2014","209672","369311","219595","369311"
"129","大溪區","2014","6712024","5768339","14432901","5768339"
"131","大甲區","2014","4352050","2602288","2974155","2602288"
"132","大社區","2014","4623339","2770817","3058857","2770817"
"133","大肚區","2014","1449550","1549641","1596150","1549641"
"134","大里區","2014","17225424","19844709","21156663","19844709"
"135","大雅區","2014","5499019","7846424","15576308","7846424"
"136","太保市","2014","3083147","2149140","1938043","2149140"
"137","太平區","2014","25595732","18612507","27465002","18612507"
"138","太麻里鄉","2014","197677","76773","267429","76773"
"140","學甲區","2014","370546","572532","452339","572532"
"141","安南區","2014","25847990","16810513","18559222","16810513"
"142","安定區","2014","340705","25363","195486","25363"
"143","安平區","2014","14605294","11625615","12220959","11625615"
"144","安樂區","2014","8598140","10792739","10310299","10792739"
"145","官田區","2014","674327","360923","381464","360923"
"146","宜蘭市","2014","19543081","18278384","16117739","18278384"
"147","富里鄉","2014","96464","63632","10561","63632"
"148","寶山鄉","2014","638040","408640","473295","408640"
"149","將軍區","2014","128982","31198","55476","31198"
"151","小港區","2014","11745261","9957577","14322256","9957577"
"154","尖石鄉","2014","0","0","0","0"
"155","屏東市","2014","0","0","0","0"
"156","山上區","2014","104966","114863","83788","114863"
"157","岡山區","2014","7314744","7804592","8664746","7804592"
"158","峨眉鄉","2014","0","0","0","0"
"159","崁頂鄉","2014","13363","123765","64018","123765"
"160","崙背鄉","2014","401609","266245","305462","266245"
"161","左營區","2014","32559316","32675587","34567332","32675587"
"162","左鎮區","2014","0","0","0","0"
"163","布袋鎮","2014","136719","176313","177534","176313"
"164","平溪區","2014","6530","6530","0","0"
"165","平鎮區","2014","26694113","35132280","30296551","35132280"
"167","延平鄉","2014","2500","2500","0","0"
"168","彌陀區","2014","492528","297635","188377","297635"
"169","彰化市","2014","18246489","16732882","19671697","16732882"
"170","後壁區","2014","89193","18763","41793","18763"
"171","後龍鎮","2014","755862","771202","996838","771202"
"173","復興區","2014","0","0","0","0"
"174","恆春鎮","2014","1924545","1954321","1380865","1954321"
"175","成功鎮","2014","181293","231423","237722","231423"
"177","文山區","2014","86795343","76551068","71520597","76551068"
"178","斗六市","2014","10552276","4925431","7398545","4925431"
"179","斗南鎮","2014","1639918","822651","1104519","822651"
"180","新化區","2014","1266471","1755631","1556590","1755631"
"181","新園鄉","2014","347149","288247","309363","288247"
"182","新城鄉","2014","1040441","800965","1311968","800965"
"183","新埔鎮","2014","1031415","251509","206389","251509"
"184","新埤鄉","2014","73560","65739","54055","65739"
"186","新屋區","2014","3391703","1521818","2027430","1521818"
"188","新市區","2014","2374893","1331149","1423089","1331149"
"189","新店區","2014","236125923","73272750","79072278","73272750"
"190","新港鄉","2014","295211","452481","833848","452481"
"191","新營區","2014","7268253","5283729","6091470","5283729"
"192","新社區","2014","159006","64062","218017","64062"
"193","新興區","2014","1550472","1427504","1437214","1427504"
"194","新莊區","2014","108100874","97717382","121310651","97717382"
"195","新豐鄉","2014","3861849","1912178","3115575","1912178"
"196","旗山區","2014","639130","673591","351659","673591"
"197","旗津區","2014","231360","213327","812136","213327"
"200","春日鄉","2014","0","0","0","0"
"202","暖暖區","2014","6122772","7497526","7534278","7497526"
"203","望安鄉","2014","0","0","0","0"
"204","朴子市","2014","2702552","6473797","2436521","6473797"
"206","杉林區","2014","0","0","0","0"
"208","東勢區","2014","4857550","2366959","2182351","2366959"
"209","東勢鄉","2014","0","0","0","0"
"210","東區","2014","48611184","37895154","34807563","37895154"
"212","東山區","2014","113049","48469","141597","48469"
"213","東引鄉","2014","0","0","0","0"
"215","東河鄉","2014","7980","9763","147625","9763"
"216","東港鎮","2014","3638166","3780697","3061040","3780697"
"217","東石鄉","2014","0","0","0","0"
"218","松山區","2014","59485990","44095409","56409890","44095409"
"220","板橋區","2014","158331776","106404233","144331511","106404233"
"221","枋寮鄉","2014","382960","297050","263329","297050"
"222","枋山鄉","2014","0","0","0","0"
"223","林內鄉","2014","219701","116144","268753","116144"
"224","林口區","2014","54202820","55404863","50352267","55404863"
"225","林園區","2014","2127734","684111","1434980","684111"
"226","林邊鄉","2014","104876","101640","185207","101640"
"227","柳營區","2014","1045500","234942","1182151","234942"
"228","桃園區","2014","122085869","145437826","136562786","145437826"
"229","桃源區","2014","0","0","0","0"
"230","梅山鄉","2014","390544","220816","317794","220816"
"231","梓官區","2014","685900","648922","840074","648922"
"232","梧棲區","2014","3237370","4466053","5645747","4466053"
"233","楊梅區","2014","16225324","14403191","28338365","14403191"
"234","楠梓區","2014","29393874","26177862","27685468","26177862"
"235","楠西區","2014","84118","246693","50598","246693"
"236","樹林區","2014","31255899","19884625","22859380","19884625"
"237","橋頭區","2014","3923900","2680679","3950416","2680679"
"238","橫山鄉","2014","35635","150794","59001","150794"
"242","歸仁區","2014","4198733","3564653","3653807","3564653"
"243","民雄鄉","2014","3943092","2611740","3781177","2611740"
"244","水上鄉","2014","806414","791007","1297773","791007"
"245","水林鄉","2014","13277","38417","84215","38417"
"246","水里鄉","2014","305040","207854","185553","207854"
"247","永和區","2014","48040002","45101922","52163625","45101922"
"248","永安區","2014","0","0","0","0"
"249","永康區","2014","37057619","45842260","39916647","45842260"
"250","永靖鄉","2014","319953","335852","171084","335852"
"251","汐止區","2014","55953108","62653144","71107726","62653144"
"254","池上鄉","2014","213721","227233","218741","227233"
"255","沙鹿區","2014","14679203","14956745","15672276","14956745"
"256","泰安鄉","2014","0","0","0","0"
"257","泰山區","2014","20801717","12951679","30142300","12951679"
"258","泰武鄉","2014","0","0","0","0"
"259","海端鄉","2014","0","0","0","0"
"260","淡水區","2014","149178264","82886736","114849397","82886736"
"261","深坑區","2014","2599366","2558918","2520799","2558918"
"262","清水區","2014","2977113","3308928","3585773","3308928"
"266","湖內區","2014","2139379","1325564","2531782","1325564"
"267","湖口鄉","2014","3998161","2961386","6091909","2961386"
"268","湖西鄉","2014","0","0","0","0"
"269","溪口鄉","2014","59243","43908","17188","0"
"270","溪州鄉","2014","837831","191167","305916","191167"
"271","溪湖鎮","2014","3203060","3599211","2127969","3599211"
"272","滿州鄉","2014","35584","23514","17388","0"
"273","潭子區","2014","12466693","13491967","12479628","13491967"
"274","潮州鎮","2014","4046459","2973733","3714676","2973733"
"275","烈嶼鄉","2014","41441","57888","28477","57888"
"276","烏來區","2014","5200","5200","0","0"
"277","烏坵鄉","2014","0","0","0","0"
"278","烏日區","2014","24952808","21419535","15691151","21419535"
"279","燕巢區","2014","1279064","761327","1051647","761327"
"280","牡丹鄉","2014","0","0","0","0"
"282","獅子鄉","2014","0","0","0","0"
"283","獅潭鄉","2014","0","0","0","0"
"284","玉井區","2014","114571","174801","197690","174801"
"285","玉里鎮","2014","794650","879724","580899","879724"
"286","琉球鄉","2014","216983","117042","79892","117042"
"288","瑞穗鄉","2014","162251","88908","109361","88908"
"289","瑞芳區","2014","207232","562322","333054","562322"
"290","瑪家鄉","2014","0","0","0","0"
"291","田中鎮","2014","1987378","1358133","1460038","1358133"
"292","田寮區","2014","0","0","0","0"
"293","田尾鄉","2014","160240","72974","96100","72974"
"294","甲仙區","2014","26214","71677","46730","71677"
"296","番路鄉","2014","104461","212670","293201","212670"
"297","白沙鄉","2014","4537","20879","4074","20879"
"298","白河區","2014","342699","1130043","664868","1130043"
"300","石岡區","2014","249432","134596","213758","134596"
"301","石碇區","2014","189764","40117","114549","0"
"302","石門區","2014","26667","25785","114637","25785"
"303","礁溪鄉","2014","11794870","14243880","11156348","14243880"
"304","社頭鄉","2014","1193401","1186623","501215","1186623"
"305","神岡區","2014","5307980","2883027","1799643","2883027"
"308","福興鄉","2014","223691","142821","293263","142821"
"309","秀林鄉","2014","38483","22992","4666","22992"
"310","秀水鄉","2014","747773","607818","822841","607818"
"313","竹北市","2014","116837886","48627832","73148736","48627832"
"314","竹南鎮","2014","14133207","7250204","6334780","7250204"
"315","竹塘鄉","2014","76897","154032","99828","154032"
"316","竹山鎮","2014","1487609","1875399","1354705","1875399"
"317","竹崎鄉","2014","218004","77975","45982","77975"
"318","竹東鎮","2014","9587782","8478872","8840518","8478872"
"319","竹田鄉","2014","32476","32476","0","0"
"320","綠島鄉","2014","21316","49921","14362","49921"
"321","線西鄉","2014","225357","69367","120541","69367"
"323","羅東鎮","2014","8709823","7895255","11516648","7895255"
"324","美濃區","2014","767732","471543","350689","471543"
"325","義竹鄉","2014","36348","52058","45798","52058"
"327","北區","2014","78516451","53774161","56700698","53774161"
"328","東區","2014","48611184","37895154","34807563","37895154"
"329","中山區","2014","97993100","57436489","68660694","57436489"
"330","中正區","2014","54664431","80084043","53694139","80084043"
"331","信義區","2014","93332034","64895212","95944327","64895212"
"332","大安區","2014","138731932","104208610","124572943","104208610"
"333","北區","2014","78516451","53774161","56700698","53774161"
"334","南區","2014","47810800","37190124","39703836","37190124"
"335","東區","2014","48611184","37895154","34807563","37895154"
"336","臺東市","2014","0","0","0","0"
"337","臺西鄉","2014","0","0","0","0"
"338","芎林鄉","2014","414992","234629","388389","234629"
"339","芬園鄉","2014","202710","182016","222186","182016"
"340","花壇鄉","2014","930166","914970","1192984","914970"
"341","花蓮市","2014","18605806","17344621","20109946","17344621"
"342","芳苑鄉","2014","0","0","0","0"
"343","苑裡鎮","2014","1684986","1158705","1767679","1158705"
"344","苓雅區","2014","20414308","11751789","20913274","11751789"
"345","苗栗市","2014","6286127","5623800","7473027","5623800"
"346","茂林區","2014","0","0","0","0"
"347","茄萣區","2014","2127078","459933","679726","459933"
"348","草屯鎮","2014","5774764","4635197","4759203","4635197"
"350","莒光鄉","2014","0","0","0","0"
"351","莿桐鄉","2014","241297","160765","54010","160765"
"352","萬丹鄉","2014","1129299","787281","519097","787281"
"353","萬巒鄉","2014","122095","62993","115878","62993"
"354","萬榮鄉","2014","0","0","0","0"
"355","萬華區","2014","27106869","27172912","41646323","27172912"
"356","萬里區","2014","636866","405444","315120","405444"
"358","蘆洲區","2014","52386904","33084733","48862920","33084733"
"359","蘆竹區","2014","85556838","39863350","60463435","39863350"
"360","蘇澳鎮","2014","1125425","1732108","1305690","1732108"
"361","蘭嶼鄉","2014","0","0","0","0"
"362","虎尾鎮","2014","5131028","6023910","5034173","6023910"
"363","褒忠鄉","2014","55758","89422","192665","89422"
"364","西區","2014","31145852","24628639","27965418","24628639"
"365","西屯區","2014","87711813","75170475","87535329","75170475"
"366","西嶼鄉","2014","0","0","0","0"
"368","西港區","2014","640026","189086","925732","189086"
"369","西湖鄉","2014","0","0","0","0"
"370","西螺鎮","2014","1516968","2314591","1550402","2314591"
"371","觀音區","2014","2096619","2184380","3720804","2184380"
"374","豐原區","2014","21136553","14468021","18077117","14468021"
"375","豐濱鄉","2014","4715","10076","23641","0"
"376","貢寮區","2014","104594","214202","56550","214202"
"378","路竹區","2014","1572025","3061825","1868405","3061825"
"379","車城鄉","2014","103665","101512","70367","101512"
"380","通霄鎮","2014","401392","274265","393597","274265"
"381","造橋鄉","2014","35848","74874","104932","74874"
"382","達仁鄉","2014","0","0","0","0"
"383","那瑪夏區","2014","0","0","0","0"
"385","里港鄉","2014","366282","418983","438596","418983"
"386","金城鎮","2014","716418","622391","662241","622391"
"387","金寧鄉","2014","1573346","831246","1008040","831246"
"388","金山區","2014","308916","311084","1718066","311084"
"389","金峰鄉","2014","0","0","0","0"
"390","金沙鎮","2014","0","0","0","0"
"391","金湖鎮","2014","1497694","479058","455911","479058"
"392","銅鑼鄉","2014","52408","160824","333319","160824"
"393","長治鄉","2014","1067681","910434","1638038","910434"
"394","長濱鄉","2014","0","0","0","0"
"395","關山鎮","2014","254904","375563","298868","375563"
"396","關廟區","2014","882229","409319","837399","409319"
"397","關西鎮","2014","787616","649815","986627","649815"
"398","阿蓮區","2014","558139","403011","380222","403011"
"399","阿里山鄉","2014","0","0","0","0"
"400","集集鎮","2014","330236","123868","344531","123868"
"401","雙溪區","2014","38325","52122","46234","52122"
"402","霧峰區","2014","3122979","945640","1694739","945640"
"403","霧臺鄉","2014","0","0","0","0"
"406","頭份市","2014","0","0","0","0"
"407","頭城鎮","2014","2543010","4492149","2107368","4492149"
"408","頭屋鄉","2014","187912","139740","276142","139740"
"409","香山區","2014","0","0","0","0"
"410","馬公市","2014","2541404","2613343","2292882","2613343"
"411","高樹鄉","2014","51810","104649","24284","104649"
"412","魚池鄉","2014","316791","231264","23627","231264"
"413","鳥松區","2014","8050499","5861514","10389485","5861514"
"414","鳳山區","2014","54407477","39625128","53632509","39625128"
"415","鳳林鎮","2014","150679","380749","317171","380749"
"416","鶯歌區","2014","15849691","8951956","7983902","8951956"
"417","鹽埔鄉","2014","141429","126928","69390","126928"
"418","鹽埕區","2014","879939","1153162","1385742","1153162"
"419","鹽水區","2014","840189","650837","550262","650837"
"420","鹿港鎮","2014","4236554","3158803","3449568","3158803"
"421","鹿草鄉","2014","112729","78541","122166","78541"
"422","鹿谷鄉","2014","138482","231215","221907","231215"
"423","鹿野鄉","2014","60229","65240","19402","65240"
"424","麟洛鄉","2014","83215","140983","92128","140983"
"425","麥寮鄉","2014","468955","579347","652749","579347"
"426","麻豆區","2014","1507766","2568944","1975352","2568944"
"427","鼓山區","2014","35006567","23681937","34309643","23681937"
"428","龍井區","2014","5175321","4757109","3182319","4757109"
"429","龍崎區","2014","0","0","0","0"
"430","龍潭區","2014","2706774","4219042","1861908","4219042"
"431","龜山區","2014","22693892","26016670","53930603","26016670"
"2","七堵區","2015","5171890","3804440","6580306","3939077"
"3","七美鄉","2015","0","0","0","0"
"4","七股區","2015","0","0","0","0"
"5","三地門鄉","2015","0","0","0","0"
"7","三峽區","2015","22862152","23058761","18444335","28041580"
"8","三星鄉","2015","604035","169820","254386","179480"
"9","三民區","2015","37858238","27732145","33223428","26579189"
"10","三灣鄉","2015","211437","141861","168393","91487"
"11","三義鄉","2015","196058","11169","574913","149352"
"12","三芝區","2015","1317266","1046239","1189395","1540917"
"13","三重區","2015","78878487","68705962","92185468","61578552"
"15","下營區","2015","796416","293329","345707","285352"
"17","中區","2015","405104","562485","650439","588255"
"18","中和區","2015","114072512","74156461","83535689","74589358"
"19","中埔鄉","2015","1047035","881010","442684","620946"
"20","中壢區","2015","85685519","88033672","79921895","80641266"
"22","中寮鄉","2015","81149","220","48223","26185"
"23","中山區","2015","73967065","58081058","62084859","40701042"
"24","中正區","2015","45321871","39415535","48807156","34111552"
"25","中西區","2015","5471701","4042022","4019743","4641480"
"27","九如鄉","2015","493070","695288","758966","631824"
"28","二崙鄉","2015","58800","76149","80622","197592"
"29","二林鎮","2015","876196","467317","1234876","1292546"
"30","二水鄉","2015","75667","53334","217948","25306"
"31","五峰鄉","2015","0","0","0","0"
"32","五結鄉","2015","4580339","2109388","2503407","1796337"
"33","五股區","2015","26331205","46608321","17452393","36906815"
"34","仁德區","2015","8976256","5794897","7262064","8304830"
"35","仁愛區","2015","1602822","1388497","1553970","1287570"
"36","仁愛鄉","2015","0","0","0","0"
"37","仁武區","2015","13695567","12198329","14963601","19065469"
"38","伸港鄉","2015","2342454","2348809","1606018","1709284"
"39","佳冬鄉","2015","109423","94573","125109","194212"
"40","佳里區","2015","2165651","2344535","3119624","4235592"
"41","來義鄉","2015","0","0","0","0"
"42","信義區","2015","77277530","52444953","52602035","54645354"
"43","信義鄉","2015","0","0","0","0"
"44","元長鄉","2015","0","0","0","0"
"45","光復鄉","2015","162585","273126","378021","292278"
"46","內埔鄉","2015","2050327","1106707","1158111","1722706"
"47","內湖區","2015","93090131","76332817","82527728","64087350"
"48","內門區","2015","0","0","0","0"
"50","八德區","2015","38401140","25417660","38541708","25897918"
"52","八里區","2015","7574826","6495390","6706618","6084095"
"53","公館鄉","2015","387464","540527","820676","602783"
"54","六甲區","2015","259711","1351132","424387","623089"
"55","六腳鄉","2015","0","0","0","0"
"56","六龜區","2015","0","0","0","0"
"57","冬山鄉","2015","1957119","1716008","1479330","2724995"
"59","前金區","2015","1909426","4075231","2115890","1633867"
"60","前鎮區","2015","17395488","14620197","16567733","11576181"
"62","北區","2015","47578370","41403081","43575419","37769784"
"63","北埔鄉","2015","139755","127740","45001","73840"
"64","北屯區","2015","108770513","74181131","77056920","69902948"
"65","北投區","2015","49126990","65168979","77011417","59844023"
"66","北斗鎮","2015","1270493","1222044","2374300","1696365"
"67","北港鎮","2015","1177499","1419021","1015231","1254358"
"68","北竿鄉","2015","5330","0","39863","6032"
"69","北門區","2015","24704","22839","3832","52318"
"71","卑南鄉","2015","21555","11358","18362","14454"
"72","卓溪鄉","2015","0","0","0","0"
"73","卓蘭鎮","2015","179289","325882","239723","152495"
"74","南化區","2015","0","0","0","0"
"75","南區","2015","57529840","27717357","43588745","29263714"
"76","南屯區","2015","47695077","43042475","43736011","35249264"
"77","南州鄉","2015","102426","16439","406842","76755"
"78","南庄鄉","2015","0","0","0","0"
"79","南投市","2015","7600425","7426316","5482742","5082772"
"80","南港區","2015","50042344","33805544","27676940","23654424"
"81","南澳鄉","2015","0","0","0","0"
"82","南竿鄉","2015","232674","56907","6394","7934"
"83","口湖鄉","2015","9589","0","0","0"
"84","古坑鄉","2015","139783","184781","671278","360836"
"86","吉安鄉","2015","8853973","5473246","8428920","7372572"
"87","名間鄉","2015","254607","163421","153931","123660"
"88","后里區","2015","2588449","1188898","1741876","2163769"
"89","和平區","2015","0","0","0","0"
"90","和美鎮","2015","3609341","2651579","5322810","3896660"
"92","員山鄉","2015","789112","581164","368218","605236"
"93","員林市","2015","12226080","8182774","10498506","7096969"
"94","善化區","2015","7649290","9675100","5393852","5615988"
"95","東區","2015","30400034","26233489","29036373","29307988"
"96","四湖鄉","2015","63365","182452","128172","152733"
"99","國姓鄉","2015","95680","40019","48455","101235"
"100","土城區","2015","41874965","25346222","40190527","30625487"
"101","土庫鎮","2015","1066524","635053","391332","497311"
"103","坪林區","2015","0","0","0","0"
"104","埔心鄉","2015","1044820","791694","822020","206573"
"105","埔里鎮","2015","3672476","2787349","3861159","4004376"
"106","埔鹽鄉","2015","323331","156170","237855","87448"
"107","埤頭鄉","2015","2043729","128951","262761","257430"
"109","士林區","2015","82340214","58028956","62352407","51589002"
"110","壯圍鄉","2015","513527","198997","279228","243942"
"111","壽豐鄉","2015","305764","519676","1393648","467355"
"112","外埔區","2015","155356","276090","377654","491988"
"114","大內區","2015","14223","13051","31292","52847"
"115","大同區","2015","18767176","10215350","11177537","10791583"
"116","大同鄉","2015","0","0","0","0"
"117","大園區","2015","21337169","14318916","13199277","9355322"
"118","大城鄉","2015","62550","46956","44439","67785"
"119","大埔鄉","2015","40632","3166","0","8806"
"120","大埤鄉","2015","165856","77142","91284","156431"
"121","大安區","2015","117652447","71648614","80676514","80899354"
"122","大寮區","2015","9029347","5787289","7043009","6071934"
"124","大村鄉","2015","378473","421126","290416","843322"
"125","大林鎮","2015","728357","603532","620728","1006610"
"126","大樹區","2015","685541","319974","508421","1143606"
"127","大武鄉","2015","30881","29236","30931","17577"
"128","大湖鄉","2015","216040","344067","472979","266293"
"129","大溪區","2015","5479843","19363367","9678890","5641104"
"131","大甲區","2015","3402529","2678093","3704948","2527146"
"132","大社區","2015","3890426","2833954","2863234","1827325"
"133","大肚區","2015","5583512","2387710","1407428","1873442"
"134","大里區","2015","17528938","13731011","15202036","11357717"
"135","大雅區","2015","7962384","4335249","5360570","12643481"
"136","太保市","2015","2227487","1890102","1981875","2036891"
"137","太平區","2015","23330186","13100601","15923175","15181917"
"138","太麻里鄉","2015","97222","271740","483402","193352"
"140","學甲區","2015","252402","1352639","358505","552998"
"141","安南區","2015","17842347","14601443","21646338","17757100"
"142","安定區","2015","133251","84592","190999","451137"
"143","安平區","2015","10630781","9293360","11263722","13485193"
"144","安樂區","2015","9995167","7566991","9151556","8037693"
"145","官田區","2015","667441","285543","2589282","890292"
"146","宜蘭市","2015","15579377","12859560","15311715","13245096"
"147","富里鄉","2015","18097","45438","263714","61317"
"148","寶山鄉","2015","247904","142308","460012","209056"
"149","將軍區","2015","87222","80444","280545","184727"
"151","小港區","2015","13187908","9817157","11580760","8952029"
"154","尖石鄉","2015","0","0","0","0"
"155","屏東市","2015","0","0","0","0"
"156","山上區","2015","148205","91569","52500","324160"
"157","岡山區","2015","7433498","5971847","6355959","5814206"
"158","峨眉鄉","2015","0","0","0","0"
"159","崁頂鄉","2015","85895","116173","435964","77804"
"160","崙背鄉","2015","314866","228252","266009","209292"
"161","左營區","2015","24081922","24284831","44517548","25979792"
"162","左鎮區","2015","0","0","0","0"
"163","布袋鎮","2015","154127","89382","305387","138336"
"164","平溪區","2015","111111","0","12470","6049"
"165","平鎮區","2015","46202273","22594933","32614799","23650432"
"167","延平鄉","2015","0","0","0","0"
"168","彌陀區","2015","398883","540827","553108","146252"
"169","彰化市","2015","18396550","13832112","21396241","18253990"
"170","後壁區","2015","107856","54016","36893","33078"
"171","後龍鎮","2015","553774","527171","818159","314588"
"173","復興區","2015","14559","2600","26313","905"
"174","恆春鎮","2015","3044614","1753796","2480277","2019274"
"175","成功鎮","2015","275468","223797","305460","157077"
"177","文山區","2015","99376982","59881934","59114535","121060230"
"178","斗六市","2015","8171496","7803043","7994394","8110326"
"179","斗南鎮","2015","1442575","783783","1592596","1435359"
"180","新化區","2015","558128","601737","584795","381703"
"181","新園鄉","2015","428052","578779","213774","478687"
"182","新城鄉","2015","1019445","1051923","1271096","645126"
"183","新埔鎮","2015","335007","3414324","915450","2054739"
"184","新埤鄉","2015","70615","39747","36084","58564"
"186","新屋區","2015","879454","1802542","1787089","1185546"
"188","新市區","2015","4354192","2263968","5877952","3417196"
"189","新店區","2015","69568708","48580350","66578017","45855846"
"190","新港鄉","2015","1218950","1089385","309365","206535"
"191","新營區","2015","5147483","6198353","6367609","7134110"
"192","新社區","2015","137962","564470","712810","201167"
"193","新興區","2015","631399","458578","448262","549752"
"194","新莊區","2015","151715352","64352293","92832916","77634095"
"195","新豐鄉","2015","2496369","3393271","2652201","2444533"
"196","旗山區","2015","263163","900928","930107","504660"
"197","旗津區","2015","264231","327676","617761","512465"
"200","春日鄉","2015","0","0","0","0"
"202","暖暖區","2015","8934721","4220736","5394045","5069572"
"203","望安鄉","2015","0","0","0","0"
"204","朴子市","2015","3344781","2414824","3382528","3321762"
"206","杉林區","2015","0","0","0","0"
"208","東勢區","2015","2064157","1819438","1436148","1820571"
"209","東勢鄉","2015","41694","152410","16638","61317"
"210","東區","2015","30400034","26233489","29036373","29307988"
"212","東山區","2015","88206","143301","121253","778673"
"213","東引鄉","2015","4450","6702","0","0"
"215","東河鄉","2015","42682","0","100925","226555"
"216","東港鎮","2015","3629663","3892738","4160086","3107319"
"217","東石鄉","2015","0","0","0","0"
"218","松山區","2015","44760475","43376678","41128756","39124591"
"220","板橋區","2015","109980534","116833434","104523436","80367899"
"221","枋寮鄉","2015","151703","757523","331166","376411"
"222","枋山鄉","2015","0","0","0","0"
"223","林內鄉","2015","138499","156075","239006","93499"
"224","林口區","2015","47818449","27014231","29464240","31291548"
"225","林園區","2015","1312809","1988958","3176945","2234608"
"226","林邊鄉","2015","148142","127407","178582","234594"
"227","柳營區","2015","1027615","371215","173531","486658"
"228","桃園區","2015","111933161","147868523","188683056","101772277"
"229","桃源區","2015","0","0","0","0"
"230","梅山鄉","2015","243768","95421","353826","290225"
"231","梓官區","2015","921666","254288","359614","413093"
"232","梧棲區","2015","5840091","2980892","3102062","4892335"
"233","楊梅區","2015","13812464","15059993","16420175","16809281"
"234","楠梓區","2015","27184920","26568674","31152799","25793736"
"235","楠西區","2015","198962","82230","154636","59953"
"236","樹林區","2015","18978120","15448041","19300889","15010648"
"237","橋頭區","2015","3163592","1895217","2782042","2458590"
"238","橫山鄉","2015","62474","95832","124340","88861"
"242","歸仁區","2015","2999821","3175227","5653776","3132555"
"243","民雄鄉","2015","3999004","2978470","4421569","3071000"
"244","水上鄉","2015","844121","344734","723240","323540"
"245","水林鄉","2015","59720","25143","18864","79084"
"246","水里鄉","2015","194152","277159","283411","68213"
"247","永和區","2015","44062831","32773048","40779763","30836503"
"248","永安區","2015","0","0","0","0"
"249","永康區","2015","39523887","31047182","29325860","24310982"
"250","永靖鄉","2015","698944","265429","553932","435172"
"251","汐止區","2015","38845234","28723651","50010276","46962894"
"254","池上鄉","2015","283905","183280","225212","363202"
"255","沙鹿區","2015","13788950","9701379","14970873","9831646"
"256","泰安鄉","2015","0","0","0","0"
"257","泰山區","2015","14020747","10036559","6835102","8714309"
"258","泰武鄉","2015","0","0","0","0"
"259","海端鄉","2015","0","0","0","0"
"260","淡水區","2015","94587507","53037630","77952178","52086489"
"261","深坑區","2015","9915873","10667893","3926123","2472589"
"262","清水區","2015","5135095","8443525","7336599","3237049"
"266","湖內區","2015","1995027","2436967","2046769","1831837"
"267","湖口鄉","2015","3162493","3589998","5997617","3815743"
"268","湖西鄉","2015","0","0","0","0"
"269","溪口鄉","2015","18325","38946","102868","35172"
"270","溪州鄉","2015","122912","415544","274831","455209"
"271","溪湖鎮","2015","2730423","1253030","2195391","2026140"
"272","滿州鄉","2015","23913","10587","68665","26030"
"273","潭子區","2015","16659485","16751116","13140505","7801616"
"274","潮州鎮","2015","3534100","3633962","4757746","3641672"
"275","烈嶼鄉","2015","18313","0","26675","0"
"276","烏來區","2015","0","0","0","0"
"277","烏坵鄉","2015","0","0","0","0"
"278","烏日區","2015","12482875","14161914","8815778","12420096"
"279","燕巢區","2015","672960","524428","609198","835105"
"280","牡丹鄉","2015","0","0","0","0"
"282","獅子鄉","2015","0","0","0","0"
"283","獅潭鄉","2015","0","0","0","0"
"284","玉井區","2015","362485","214492","392382","338518"
"285","玉里鎮","2015","579370","659236","1125673","452110"
"286","琉球鄉","2015","196816","159112","260942","127136"
"288","瑞穗鄉","2015","488026","173623","214171","117993"
"289","瑞芳區","2015","623552","167833","292841","266014"
"290","瑪家鄉","2015","0","0","0","0"
"291","田中鎮","2015","2003315","922088","1614364","1935453"
"292","田寮區","2015","0","0","0","0"
"293","田尾鄉","2015","201057","295494","337749","168924"
"294","甲仙區","2015","69852","43028","14058","71787"
"296","番路鄉","2015","111705","197651","288137","223068"
"297","白沙鄉","2015","7865","90350","13282","3050"
"298","白河區","2015","566072","455591","584963","622826"
"300","石岡區","2015","149140","75822","262396","88990"
"301","石碇區","2015","77528","40951","48597","120825"
"302","石門區","2015","49461","71573","33082","65060"
"303","礁溪鄉","2015","14588976","30024196","10194391","4651297"
"304","社頭鄉","2015","1572822","929320","1028171","542674"
"305","神岡區","2015","3712061","2396827","4059258","2498079"
"308","福興鄉","2015","253942","0","163637","199964"
"309","秀林鄉","2015","35449","65517","5607","23926"
"310","秀水鄉","2015","995669","263298","539488","678043"
"313","竹北市","2015","63606761","43373333","39175008","44511984"
"314","竹南鎮","2015","5550467","7917922","9716330","10353389"
"315","竹塘鄉","2015","415136","23415","81736","149813"
"316","竹山鎮","2015","1206636","2054374","2365971","1265474"
"317","竹崎鄉","2015","86121","147945","156100","264551"
"318","竹東鎮","2015","10058961","7722825","9827811","12887980"
"319","竹田鄉","2015","12185","7562","17581","45602"
"320","綠島鄉","2015","29967","49911","22479","122390"
"321","線西鄉","2015","78788","72779","108649","21231"
"323","羅東鎮","2015","8327703","7118366","7254043","6649847"
"324","美濃區","2015","202235","256432","566173","410921"
"325","義竹鄉","2015","68050","79368","71071","12194"
"327","北區","2015","47578370","41403081","43575419","37769784"
"328","東區","2015","30400034","26233489","29036373","29307988"
"329","中山區","2015","73967065","58081058","62084859","40701042"
"330","中正區","2015","45321871","39415535","48807156","34111552"
"331","信義區","2015","77277530","52444953","52602035","54645354"
"332","大安區","2015","117652447","71648614","80676514","80899354"
"333","北區","2015","47578370","41403081","43575419","37769784"
"334","南區","2015","57529840","27717357","43588745","29263714"
"335","東區","2015","30400034","26233489","29036373","29307988"
"336","臺東市","2015","0","0","0","0"
"337","臺西鄉","2015","0","0","0","0"
"338","芎林鄉","2015","695562","158961","444295","58830"
"339","芬園鄉","2015","125291","49974","73222","264770"
"340","花壇鄉","2015","366907","571260","1261739","702317"
"341","花蓮市","2015","17659877","14354449","18802021","15931754"
"342","芳苑鄉","2015","8048","0","10097","4403"
"343","苑裡鎮","2015","1951203","1638512","1010705","538091"
"344","苓雅區","2015","15903329","11432214","14031848","10358086"
"345","苗栗市","2015","5769500","7444025","6223495","4950637"
"346","茂林區","2015","0","0","0","0"
"347","茄萣區","2015","581433","429939","567940","1985908"
"348","草屯鎮","2015","4999349","3264552","4161806","3550800"
"350","莒光鄉","2015","0","0","0","0"
"351","莿桐鄉","2015","162764","334605","909767","581887"
"352","萬丹鄉","2015","911236","605978","774319","485403"
"353","萬巒鄉","2015","114545","52896","43027","43066"
"354","萬榮鄉","2015","0","0","0","0"
"355","萬華區","2015","20913332","13956550","20351429","20156685"
"356","萬里區","2015","477604","306380","399667","335395"
"358","蘆洲區","2015","46565747","31313493","36463242","39673533"
"359","蘆竹區","2015","27021596","16766560","24944944","19990303"
"360","蘇澳鎮","2015","2114798","2226478","1534291","1678352"
"361","蘭嶼鄉","2015","0","0","0","0"
"362","虎尾鎮","2015","6397813","5121422","7631890","3682710"
"363","褒忠鄉","2015","30749","52045","27434","92808"
"364","西區","2015","41320341","20875771","21103673","17988266"
"365","西屯區","2015","85373707","67166217","67920083","52370288"
"366","西嶼鄉","2015","0","0","0","0"
"368","西港區","2015","488433","553773","1026852","382968"
"369","西湖鄉","2015","0","0","0","0"
"370","西螺鎮","2015","2486670","1832690","1682428","2584375"
"371","觀音區","2015","7038532","2427333","7353434","5179361"
"374","豐原區","2015","12919156","12507799","16379364","11477769"
"375","豐濱鄉","2015","2579","5357","20600","15052"
"376","貢寮區","2015","127470","116415","232761","172113"
"378","路竹區","2015","2498367","2690613","1204082","2093296"
"379","車城鄉","2015","37335","265132","58935","172625"
"380","通霄鎮","2015","370906","215749","169461","235675"
"381","造橋鄉","2015","61595","31163","50346","0"
"382","達仁鄉","2015","0","0","0","0"
"383","那瑪夏區","2015","0","0","0","0"
"385","里港鄉","2015","488001","525607","729503","580987"
"386","金城鎮","2015","1052559","2349342","786907","1421687"
"387","金寧鄉","2015","698346","493673","378960","1822229"
"388","金山區","2015","490246","381405","762314","544389"
"389","金峰鄉","2015","0","0","0","0"
"390","金沙鎮","2015","14451","22590","54088","59278"
"391","金湖鎮","2015","1221422","629644","520376","449857"
"392","銅鑼鄉","2015","149084","447551","459437","430095"
"393","長治鄉","2015","952123","1176847","1460358","983150"
"394","長濱鄉","2015","36566","57914","46846","5230"
"395","關山鎮","2015","200800","81016","294996","312222"
"396","關廟區","2015","837468","1290756","2110404","821790"
"397","關西鎮","2015","781468","401636","1002710","527255"
"398","阿蓮區","2015","817301","426690","634905","889527"
"399","阿里山鄉","2015","0","0","0","0"
"400","集集鎮","2015","378855","269845","447974","166412"
"401","雙溪區","2015","54825","99519","152634","78123"
"402","霧峰區","2015","1596973","560134","1014266","1237534"
"403","霧臺鄉","2015","0","0","0","0"
"406","頭份市","2015","0","0","0","0"
"407","頭城鎮","2015","4782386","1757120","1694513","1303644"
"408","頭屋鄉","2015","68625","316767","157273","101060"
"409","香山區","2015","0","0","0","0"
"410","馬公市","2015","5231707","2468802","1418021","1592710"
"411","高樹鄉","2015","101537","99419","21715","77528"
"412","魚池鄉","2015","325632","253113","80127","171641"
"413","鳥松區","2015","6992708","5538566","4833565","6212012"
"414","鳳山區","2015","52274899","33125336","46373585","33963319"
"415","鳳林鎮","2015","142173","179335","176804","82461"
"416","鶯歌區","2015","8293032","5607545","10271582","6572612"
"417","鹽埔鄉","2015","69385","82074","94800","91187"
"418","鹽埕區","2015","926207","613884","800703","793115"
"419","鹽水區","2015","519675","1083862","722340","822980"
"420","鹿港鎮","2015","3817326","3127986","3417709","4544877"
"421","鹿草鄉","2015","18192","84343","33765","2030"
"422","鹿谷鄉","2015","190694","167923","112141","212349"
"423","鹿野鄉","2015","29113","93808","141104","41926"
"424","麟洛鄉","2015","259006","203156","211668","235241"
"425","麥寮鄉","2015","368628","103984","327662","167667"
"426","麻豆區","2015","2961068","1561874","2313988","2368934"
"427","鼓山區","2015","22611477","16532746","26065802","21596062"
"428","龍井區","2015","2192630","1759743","3670232","4719948"
"429","龍崎區","2015","0","0","0","0"
"430","龍潭區","2015","2295939","6135580","2933786","3314450"
"431","龜山區","2015","16449384","10328668","16654533","12493278"
"2","七堵區","2016","13952248","2789948","4488984","3989807"
"3","七美鄉","2016","0","0","0","0"
"4","七股區","2016","0","0","0","0"
"5","三地門鄉","2016","0","0","0","0"
"7","三峽區","2016","23076091","11223404","15620926","17630953"
"8","三星鄉","2016","193223","19218","150618","512555"
"9","三民區","2016","38845665","21326545","42777795","34096974"
"10","三灣鄉","2016","33101","23606","51529","0"
"11","三義鄉","2016","290938","255257","290787","149918"
"12","三芝區","2016","1093314","432674","2110648","987009"
"13","三重區","2016","79832353","44282858","52177195","54867100"
"15","下營區","2016","298263","167796","327609","365819"
"17","中區","2016","651844","572491","566581","422059"
"18","中和區","2016","87122152","57800389","105517029","82897609"
"19","中埔鄉","2016","548747","769341","668090","476832"
"20","中壢區","2016","117882186","55692023","73182384","78007483"
"22","中寮鄉","2016","7562","64704","24566","6044"
"23","中山區","2016","83951632","31923647","41626661","41906362"
"24","中正區","2016","75984708","23022317","30694788","35931971"
"25","中西區","2016","4666266","3083359","3962070","4036779"
"27","九如鄉","2016","809429","419051","1226663","405575"
"28","二崙鄉","2016","319816","20867","33282","1180269"
"29","二林鎮","2016","2415645","568528","1528945","1209108"
"30","二水鄉","2016","92992","16310","27826","82989"
"31","五峰鄉","2016","0","0","0","0"
"32","五結鄉","2016","6780812","3658170","2648410","2767142"
"33","五股區","2016","57683711","9340876","12894760","22346548"
"34","仁德區","2016","8656230","7209330","6934509","5504911"
"35","仁愛區","2016","2288545","771607","1475541","1477511"
"36","仁愛鄉","2016","0","0","0","0"
"37","仁武區","2016","14211981","9240631","15357093","14304048"
"38","伸港鄉","2016","1927854","745682","2631073","1670718"
"39","佳冬鄉","2016","209288","60760","92380","658091"
"40","佳里區","2016","3232532","1190749","1869884","1842117"
"41","來義鄉","2016","0","0","0","0"
"42","信義區","2016","67988168","34461182","47438781","42304763"
"43","信義鄉","2016","0","0","0","0"
"44","元長鄉","2016","56321","86760","54382","52874"
"45","光復鄉","2016","152013","131577","104961","125454"
"46","內埔鄉","2016","1858753","1321061","1425775","1076925"
"47","內湖區","2016","106056581","39155746","62687597","58470219"
"48","內門區","2016","0","0","0","0"
"50","八德區","2016","56220138","23650285","28889485","26960958"
"52","八里區","2016","7067280","3462449","4758045","5547994"
"53","公館鄉","2016","1408217","469988","510555","582103"
"54","六甲區","2016","691735","424328","333427","314001"
"55","六腳鄉","2016","46929","0","56252","0"
"56","六龜區","2016","0","0","0","0"
"57","冬山鄉","2016","2603511","1718891","2338573","1522468"
"59","前金區","2016","1837686","1158731","979069","602214"
"60","前鎮區","2016","17595156","10073470","13983736","15341715"
"62","北區","2016","53396895","21153720","35144667","34859498"
"63","北埔鄉","2016","40802","27814","43040","215877"
"64","北屯區","2016","92034926","67605200","64886568","63987683"
"65","北投區","2016","84587152","34230922","65428099","57226152"
"66","北斗鎮","2016","1421418","1119207","1953284","941456"
"67","北港鎮","2016","1957934","538712","952905","2634908"
"68","北竿鄉","2016","7140","0","21343","11338"
"69","北門區","2016","5456","10579","0","65507"
"71","卑南鄉","2016","45380","1806661","16712","0"
"72","卓溪鄉","2016","0","0","0","0"
"73","卓蘭鎮","2016","646620","428582","205823","174053"
"74","南化區","2016","0","0","0","0"
"75","南區","2016","49128307","27089102","34861660","32433469"
"76","南屯區","2016","57039519","23268209","42174565","46654395"
"77","南州鄉","2016","503861","175564","93560","127279"
"78","南庄鄉","2016","41670","6756","13072","49113"
"79","南投市","2016","8193481","5009088","6892170","5557571"
"80","南港區","2016","61306592","16033800","28718983","37846908"
"81","南澳鄉","2016","18907","0","0","0"
"82","南竿鄉","2016","9983","5790","940","13201"
"83","口湖鄉","2016","0","0","0","0"
"84","古坑鄉","2016","203440","92094","100868","65738"
"86","吉安鄉","2016","8354439","5238111","5912387","4046964"
"87","名間鄉","2016","380255","156352","119223","152853"
"88","后里區","2016","2694929","1161969","2451136","1660035"
"89","和平區","2016","0","0","0","0"
"90","和美鎮","2016","3393715","1562100","3608792","3139833"
"92","員山鄉","2016","942755","367561","335611","422659"
"93","員林市","2016","12805888","6739668","8962209","8619653"
"94","善化區","2016","10841089","3333219","5309485","6329736"
"95","東區","2016","37706104","18403365","28153887","30013524"
"96","四湖鄉","2016","218692","102573","87539","148928"
"99","國姓鄉","2016","181903","89786","171894","119662"
"100","土城區","2016","64066615","21969277","36208379","83270045"
"101","土庫鎮","2016","458604","952614","472868","835808"
"103","坪林區","2016","0","0","0","0"
"104","埔心鄉","2016","813888","771460","391073","1814502"
"105","埔里鎮","2016","3217668","2593678","2622673","2346182"
"106","埔鹽鄉","2016","377183","71056","104893","206009"
"107","埤頭鄉","2016","778306","152232","501880","509932"
"109","士林區","2016","76201789","38442285","47712282","43668550"
"110","壯圍鄉","2016","412380","19969","149791","514434"
"111","壽豐鄉","2016","335806","137617","277849","185996"
"112","外埔區","2016","983291","196381","1785684","592734"
"114","大內區","2016","71376","29437","44827","9242"
"115","大同區","2016","12596837","7624153","10761099","11296265"
"116","大同鄉","2016","0","0","0","0"
"117","大園區","2016","47588771","7886781","17279621","11303301"
"118","大城鄉","2016","60549","50232","5622","105428"
"119","大埔鄉","2016","22292","0","0","0"
"120","大埤鄉","2016","36715","70279","45708","37683"
"121","大安區","2016","106610947","42830845","52625673","63429380"
"122","大寮區","2016","7221458","4727887","6394596","7239888"
"124","大村鄉","2016","927705","294549","139653","344670"
"125","大林鎮","2016","1511387","646669","1201099","650367"
"126","大樹區","2016","3311713","1014819","1091277","499521"
"127","大武鄉","2016","10869","7932","50658","16473"
"128","大湖鄉","2016","279451","87641","236689","268314"
"129","大溪區","2016","5093616","2913222","5821706","5495617"
"131","大甲區","2016","7277870","1769187","2886870","2744345"
"132","大社區","2016","3061220","2307141","1722455","2262908"
"133","大肚區","2016","2301155","4606752","3524797","2836611"
"134","大里區","2016","19459267","18821587","17827223","12958500"
"135","大雅區","2016","8320285","7926687","8795110","8752725"
"136","太保市","2016","4762522","1605634","1453541","1507313"
"137","太平區","2016","39162480","11080660","19938530","16857343"
"138","太麻里鄉","2016","334171","274021","73259","19023"
"140","學甲區","2016","1534373","388812","408205","943690"
"141","安南區","2016","23898312","12747335","19121889","16151122"
"142","安定區","2016","230164","203472","101474","60859"
"143","安平區","2016","14200263","5673169","7452141","13734938"
"144","安樂區","2016","8016792","9450518","58218296","44909972"
"145","官田區","2016","226132","227348","1991205","633752"
"146","宜蘭市","2016","18365797","11226873","14636684","11073910"
"147","富里鄉","2016","42472","72814","68879","30697"
"148","寶山鄉","2016","199411","154804","382893","238220"
"149","將軍區","2016","377369","196674","97502","432364"
"151","小港區","2016","9504220","9429897","13324657","14295707"
"154","尖石鄉","2016","0","0","0","0"
"155","屏東市","2016","0","0","0","0"
"156","山上區","2016","1023944","109629","191780","84063"
"157","岡山區","2016","9100305","4864428","6845957","6056631"
"158","峨眉鄉","2016","0","0","0","0"
"159","崁頂鄉","2016","31940","61493","51336","103559"
"160","崙背鄉","2016","504386","185416","230626","232346"
"161","左營區","2016","45333762","13502616","27864927","26153811"
"162","左鎮區","2016","0","0","0","0"
"163","布袋鎮","2016","244629","101464","219641","380237"
"164","平溪區","2016","0","0","0","0"
"165","平鎮區","2016","23516600","16044025","24918666","19129316"
"167","延平鄉","2016","0","0","0","0"
"168","彌陀區","2016","93523","328739","190741","282236"
"169","彰化市","2016","22990542","10666514","15040898","15905375"
"170","後壁區","2016","56440","39473","33744","34492"
"171","後龍鎮","2016","1018713","441723","847945","931245"
"173","復興區","2016","71779","30656","57415","2188"
"174","恆春鎮","2016","2439473","1092547","1187710","1275379"
"175","成功鎮","2016","520769","121336","222882","239243"
"177","文山區","2016","68486378","30692222","53756622","47501472"
"178","斗六市","2016","7817124","3696303","5964106","6012377"
"179","斗南鎮","2016","2096822","793610","940470","1460123"
"180","新化區","2016","469284","464165","572465","680584"
"181","新園鄉","2016","986195","443011","910483","535889"
"182","新城鄉","2016","1217804","793556","1224457","1604526"
"183","新埔鎮","2016","654986","364294","1149550","725217"
"184","新埤鄉","2016","19257","29293","44460","61343"
"186","新屋區","2016","979140","1158319","1479269","956908"
"188","新市區","2016","4416476","2037443","3918683","7691918"
"189","新店區","2016","102281686","41021959","67789965","69266397"
"190","新港鄉","2016","209973","509325","242467","539817"
"191","新營區","2016","7029909","4956863","5544632","4951549"
"192","新社區","2016","351869","87066","87222","127590"
"193","新興區","2016","542052","139549","235685","357616"
"194","新莊區","2016","95938360","44257128","67033859","64234273"
"195","新豐鄉","2016","4643729","1530673","4183516","1956068"
"196","旗山區","2016","920413","391578","561738","624098"
"197","旗津區","2016","404919","110034","277399","453498"
"200","春日鄉","2016","0","0","0","0"
"202","暖暖區","2016","5063703","11596980","5394204","4630541"
"203","望安鄉","2016","0","0","0","0"
"204","朴子市","2016","4151920","1490011","1964385","1815479"
"206","杉林區","2016","0","0","0","0"
"208","東勢區","2016","1569160","887305","1363440","1330784"
"209","東勢鄉","2016","86396","82453","125186","49234"
"210","東區","2016","37706104","18403365","28153887","30013524"
"212","東山區","2016","305026","106698","281521","111477"
"213","東引鄉","2016","0","0","0","0"
"215","東河鄉","2016","20676","0","21624","31452"
"216","東港鎮","2016","7469770","3457538","3987431","3929523"
"217","東石鄉","2016","0","0","0","0"
"218","松山區","2016","51019981","19277975","37719320","41552668"
"220","板橋區","2016","112402932","60602990","94496667","113316393"
"221","枋寮鄉","2016","276982","542585","471160","492776"
"222","枋山鄉","2016","0","0","0","0"
"223","林內鄉","2016","323281","53426","240167","215088"
"224","林口區","2016","48772166","20933165","36991974","38000250"
"225","林園區","2016","2448743","2376885","2762017","3019050"
"226","林邊鄉","2016","285705","239471","109291","82208"
"227","柳營區","2016","936729","182988","1721060","717052"
"228","桃園區","2016","92367848","57621097","88288632","80505567"
"229","桃源區","2016","0","0","0","0"
"230","梅山鄉","2016","579441","159552","361926","376578"
"231","梓官區","2016","425820","216318","671988","905327"
"232","梧棲區","2016","7727309","5033708","6392722","3580508"
"233","楊梅區","2016","16168140","15948973","16129208","10983515"
"234","楠梓區","2016","37841907","12394919","28902608","22038676"
"235","楠西區","2016","304521","325688","188454","129905"
"236","樹林區","2016","21017955","10304461","17172448","19833998"
"237","橋頭區","2016","2916301","2159112","6596479","3529499"
"238","橫山鄉","2016","97247","68034","318744","90172"
"242","歸仁區","2016","4334005","2519078","2397378","4709486"
"243","民雄鄉","2016","4628620","1826670","2029768","4205494"
"244","水上鄉","2016","1442926","399224","826111","659921"
"245","水林鄉","2016","120555","16231","66222","76385"
"246","水里鄉","2016","321777","212127","152237","106360"
"247","永和區","2016","59167543","25741644","40483804","41887227"
"248","永安區","2016","0","0","0","0"
"249","永康區","2016","32547359","18375396","24967117","22700740"
"250","永靖鄉","2016","1052364","174970","560776","650153"
"251","汐止區","2016","37381070","19156058","47490559","72622876"
"254","池上鄉","2016","502327","168830","163189","85695"
"255","沙鹿區","2016","15019178","8984424","13510839","17800527"
"256","泰安鄉","2016","0","0","0","0"
"257","泰山區","2016","9975161","5710229","7557831","6376027"
"258","泰武鄉","2016","0","0","0","0"
"259","海端鄉","2016","0","0","0","0"
"260","淡水區","2016","88080985","40258944","62167227","51029402"
"261","深坑區","2016","2069195","1907602","1935906","2390379"
"262","清水區","2016","4943178","4510307","5019105","7286518"
"266","湖內區","2016","1772290","1019750","2497572","1891793"
"267","湖口鄉","2016","7626105","1753968","3827518","4171797"
"268","湖西鄉","2016","0","0","0","0"
"269","溪口鄉","2016","101417","34578","73629","16001"
"270","溪州鄉","2016","427909","365982","480916","312034"
"271","溪湖鎮","2016","3798918","1555919","2066650","2762897"
"272","滿州鄉","2016","57215","30108","14984","5633"
"273","潭子區","2016","11706767","5790432","8854798","7107967"
"274","潮州鎮","2016","4888191","3048533","4045242","2695441"
"275","烈嶼鄉","2016","0","0","0","0"
"276","烏來區","2016","13324","0","0","10776"
"277","烏坵鄉","2016","0","0","0","0"
"278","烏日區","2016","23710549","11945889","6535334","5398212"
"279","燕巢區","2016","1526117","849105","1800264","1028604"
"280","牡丹鄉","2016","0","0","0","0"
"282","獅子鄉","2016","0","0","0","0"
"283","獅潭鄉","2016","0","0","0","0"
"284","玉井區","2016","1510730","193476","123411","107462"
"285","玉里鎮","2016","627729","640818","328781","579662"
"286","琉球鄉","2016","162044","131023","560479","134229"
"288","瑞穗鄉","2016","329160","105487","191406","480094"
"289","瑞芳區","2016","53834","194747","165675","191305"
"290","瑪家鄉","2016","0","0","0","0"
"291","田中鎮","2016","1556988","779596","1347786","1427716"
"292","田寮區","2016","9380","0","0","0"
"293","田尾鄉","2016","315143","0","262994","142490"
"294","甲仙區","2016","61417","8990","28267","71238"
"296","番路鄉","2016","191099","111932","132404","160147"
"297","白沙鄉","2016","23940","26008","40496","31813"
"298","白河區","2016","488943","348535","334348","301874"
"300","石岡區","2016","326033","133824","86707","130126"
"301","石碇區","2016","95113","85584","39567","81710"
"302","石門區","2016","37725","15957","22316","3067"
"303","礁溪鄉","2016","12601821","4086966","4301234","8687813"
"304","社頭鄉","2016","1063039","538184","980616","1456856"
"305","神岡區","2016","3224158","2432688","3268994","2778450"
"308","福興鄉","2016","335850","27843","203608","22891"
"309","秀林鄉","2016","64497","54566","79314","100952"
"310","秀水鄉","2016","728693","260365","742753","813160"
"313","竹北市","2016","73411478","26717356","42212675","91031556"
"314","竹南鎮","2016","16344223","9425327","11789569","15816387"
"315","竹塘鄉","2016","137450","72036","94028","69704"
"316","竹山鎮","2016","1972361","1192287","1631629","1541193"
"317","竹崎鄉","2016","806190","289539","0","246483"
"318","竹東鎮","2016","9598699","7716038","10480769","8102343"
"319","竹田鄉","2016","10514","35429","19505","16004"
"320","綠島鄉","2016","143802","79017","23774","95951"
"321","線西鄉","2016","109162","260021","183177","232652"
"323","羅東鎮","2016","7088520","3623557","6495871","6661687"
"324","美濃區","2016","323179","397619","904154","718866"
"325","義竹鄉","2016","115362","128857","159052","140028"
"327","北區","2016","53396895","21153720","35144667","34859498"
"328","東區","2016","37706104","18403365","28153887","30013524"
"329","中山區","2016","83951632","31923647","41626661","41906362"
"330","中正區","2016","75984708","23022317","30694788","35931971"
"331","信義區","2016","67988168","34461182","47438781","42304763"
"332","大安區","2016","106610947","42830845","52625673","63429380"
"333","北區","2016","53396895","21153720","35144667","34859498"
"334","南區","2016","49128307","27089102","34861660","32433469"
"335","東區","2016","37706104","18403365","28153887","30013524"
"336","臺東市","2016","0","0","0","0"
"337","臺西鄉","2016","0","0","0","0"
"338","芎林鄉","2016","4858340","664886","775889","610595"
"339","芬園鄉","2016","139813","156286","274933","130654"
"340","花壇鄉","2016","1000744","309385","1681916","1839157"
"341","花蓮市","2016","19524292","9074024","17064331","14161767"
"342","芳苑鄉","2016","0","0","0","0"
"343","苑裡鎮","2016","1632837","518118","843197","739623"
"344","苓雅區","2016","15657541","8452397","9939899","10866007"
"345","苗栗市","2016","8589659","3406130","5527269","5311275"
"346","茂林區","2016","0","0","0","0"
"347","茄萣區","2016","1303195","858034","1027877","1142192"
"348","草屯鎮","2016","10389777","3060002","4459110","4073759"
"350","莒光鄉","2016","0","0","0","0"
"351","莿桐鄉","2016","611842","163418","510327","417318"
"352","萬丹鄉","2016","726146","540056","496224","338892"
"353","萬巒鄉","2016","404086","62292","81950","101977"
"354","萬榮鄉","2016","0","0","0","0"
"355","萬華區","2016","32251850","15914153","17670998","22671385"
"356","萬里區","2016","636629","252497","516798","362541"
"358","蘆洲區","2016","49218664","20207896","35091515","28631865"
"359","蘆竹區","2016","29101226","17742863","28536470","28642550"
"360","蘇澳鎮","2016","1898088","707342","1485008","923779"
"361","蘭嶼鄉","2016","0","0","0","0"
"362","虎尾鎮","2016","9419892","2419698","5468697","5648784"
"363","褒忠鄉","2016","154271","54035","27362","168882"
"364","西區","2016","19736296","14378869","17731352","16805517"
"365","西屯區","2016","80499598","37779207","61832088","51903191"
"366","西嶼鄉","2016","0","0","0","0"
"368","西港區","2016","245669","192328","348598","337117"
"369","西湖鄉","2016","0","0","0","0"
"370","西螺鎮","2016","2183020","1883864","2394587","1954177"
"371","觀音區","2016","3202281","1717649","1978084","1067980"
"374","豐原區","2016","18693910","7880972","11779098","18363375"
"375","豐濱鄉","2016","3191","0","24549","73529"
"376","貢寮區","2016","287240","35639","167413","67707"
"378","路竹區","2016","3958518","1347928","1140772","1901143"
"379","車城鄉","2016","142508","132476","6129","65887"
"380","通霄鎮","2016","484230","173208","319289","413479"
"381","造橋鄉","2016","20192","11894","30976","33726"
"382","達仁鄉","2016","0","0","0","0"
"383","那瑪夏區","2016","0","0","0","0"
"385","里港鄉","2016","628189","320789","807669","297051"
"386","金城鎮","2016","1210612","1025777","631364","856763"
"387","金寧鄉","2016","199027","631546","807930","827039"
"388","金山區","2016","590901","577205","505089","480566"
"389","金峰鄉","2016","0","0","0","0"
"390","金沙鎮","2016","36162","65621","115440","109444"
"391","金湖鎮","2016","1442074","6347084","2788554","1600159"
"392","銅鑼鄉","2016","357467","208690","258039","205334"
"393","長治鄉","2016","1274090","570559","1157755","1071269"
"394","長濱鄉","2016","36184","27245","11706","2290"
"395","關山鎮","2016","180081","114831","355292","141527"
"396","關廟區","2016","1647725","1188195","1958181","784953"
"397","關西鎮","2016","308342","347414","796318","561406"
"398","阿蓮區","2016","991319","387395","466805","497129"
"399","阿里山鄉","2016","0","0","0","0"
"400","集集鎮","2016","246625","169567","251310","286254"
"401","雙溪區","2016","38009","14140","147098","55751"
"402","霧峰區","2016","2007380","2447408","1218983","1397401"
"403","霧臺鄉","2016","0","0","0","0"
"406","頭份市","2016","0","0","0","0"
"407","頭城鎮","2016","1823603","1143546","1144161","4674684"
"408","頭屋鄉","2016","90269","125195","260715","161007"
"409","香山區","2016","0","0","0","0"
"410","馬公市","2016","4506392","1534479","1623587","1256412"
"411","高樹鄉","2016","69145","24793","9636","37316"
"412","魚池鄉","2016","320587","388407","89908","168786"
"413","鳥松區","2016","5778151","5197733","7799294","4498139"
"414","鳳山區","2016","40756634","26671880","45998439","37296043"
"415","鳳林鎮","2016","56947","96065","81378","241096"
"416","鶯歌區","2016","5740004","3497691","4266945","8312826"
"417","鹽埔鄉","2016","355424","98968","102070","264921"
"418","鹽埕區","2016","907956","637401","572037","574594"
"419","鹽水區","2016","561017","451954","403089","586701"
"420","鹿港鎮","2016","3149392","3070779","1918581","2854410"
"421","鹿草鄉","2016","5595","15888","53022","20650"
"422","鹿谷鄉","2016","212401","54180","160624","271431"
"423","鹿野鄉","2016","36774","0","46845","15238"
"424","麟洛鄉","2016","255536","87754","205185","169661"
"425","麥寮鄉","2016","311172","1128087","1108654","763222"
"426","麻豆區","2016","2798189","958361","791132","1465816"
"427","鼓山區","2016","24688404","21294411","35237069","20960808"
"428","龍井區","2016","3894949","3861048","4253197","5345546"
"429","龍崎區","2016","0","0","0","0"
"430","龍潭區","2016","6009898","1500965","2634959","5688334"
"431","龜山區","2016","25277053","83684911","149441737","23064463"
"2","七堵區","2017","4720239","3502166","6438989","9900340"
"3","七美鄉","2017","0","0","0","0"
"4","七股區","2017","0","0","0","0"
"5","三地門鄉","2017","0","0","0","0"
"7","三峽區","2017","13072253","11952579","31477267","27150231"
"8","三星鄉","2017","400442","170457","115672","216627"
"9","三民區","2017","34778109","27229280","30722342","34598216"
"10","三灣鄉","2017","46811","40590","145605","95373"
"11","三義鄉","2017","404569","179893","472359","198576"
"12","三芝區","2017","1082421","1206789","1615725","1225909"
"13","三重區","2017","57707369","49076689","68119440","74338268"
"15","下營區","2017","300909","391217","431579","610364"
"17","中區","2017","863028","419766","235449","725701"
"18","中和區","2017","72400735","69168018","104089883","97801066"
"19","中埔鄉","2017","572324","363689","1242305","1094149"
"20","中壢區","2017","100236425","80640629","95993917","87869275"
"22","中寮鄉","2017","10270","46504","54440","0"
"23","中山區","2017","50085177","47739022","46900544","72165925"
"24","中正區","2017","44709242","29217635","37655540","40317811"
"25","中西區","2017","8939589","6271696","6006281","9557443"
"27","九如鄉","2017","482878","219147","607174","447022"
"28","二崙鄉","2017","306876","84322","113533","117761"
"29","二林鎮","2017","1903658","1468138","1739520","2574377"
"30","二水鄉","2017","55164","54887","81338","118289"
"31","五峰鄉","2017","0","0","0","0"
"32","五結鄉","2017","2108559","1415943","2024829","4435612"
"33","五股區","2017","17943643","9900614","20869608","25906958"
"34","仁德區","2017","9100206","10429978","7823000","6905306"
"35","仁愛區","2017","1491077","1770713","2476621","1734204"
"36","仁愛鄉","2017","0","0","0","0"
"37","仁武區","2017","19369701","13873757","23919084","22939852"
"38","伸港鄉","2017","1081664","946816","2587475","1088678"
"39","佳冬鄉","2017","259160","156119","215287","131505"
"40","佳里區","2017","1843605","1472606","2272505","4178617"
"41","來義鄉","2017","0","0","0","0"
"42","信義區","2017","45255574","44253883","47307272","52725168"
"43","信義鄉","2017","0","0","0","0"
"44","元長鄉","2017","406906","408943","149595","60700"
"45","光復鄉","2017","99914","47650","155452","293059"
"46","內埔鄉","2017","1784010","1216641","1745546","1405857"
"47","內湖區","2017","58196890","55756160","66883076","75505156"
"48","內門區","2017","0","0","0","0"
"50","八德區","2017","23306271","31877273","29700851","27830889"
"52","八里區","2017","8676758","4055495","5621669","5872801"
"53","公館鄉","2017","593625","445047","1246991","1077637"
"54","六甲區","2017","979412","420756","490944","594939"
"55","六腳鄉","2017","15622","15631","44193","22689"
"56","六龜區","2017","0","0","0","0"
"57","冬山鄉","2017","2236674","5267486","3134521","1329288"
"59","前金區","2017","820921","1447492","842090","1089164"
"60","前鎮區","2017","18908723","19289153","19453673","21234988"
"62","北區","2017","36597987","36037124","41957294","49253391"
"63","北埔鄉","2017","64493","18717","237503","167411"
"64","北屯區","2017","51093808","65095381","71557148","79703185"
"65","北投區","2017","56887658","44419203","55736908","53875665"
"66","北斗鎮","2017","3408497","1429447","1650372","2739010"
"67","北港鎮","2017","1260236","749348","2448527","1143903"
"68","北竿鄉","2017","0","0","0","0"
"69","北門區","2017","61490","51054","15937","66935"
"71","卑南鄉","2017","11106","0","32960","0"
"72","卓溪鄉","2017","0","0","0","0"
"73","卓蘭鎮","2017","40810","183230","277509","205667"
"74","南化區","2017","0","0","0","0"
"75","南區","2017","47075174","37475235","46698123","49741652"
"76","南屯區","2017","56050372","65064364","69552603","51760911"
"77","南州鄉","2017","130459","154914","231334","102572"
"78","南庄鄉","2017","131506","15200","54512","51433"
"79","南投市","2017","7391705","5626651","5414626","7267593"
"80","南港區","2017","27138605","25598593","26182608","25839918"
"81","南澳鄉","2017","0","0","0","0"
"82","南竿鄉","2017","25527","0","25401","9295"
"83","口湖鄉","2017","53284","0","19696","19696"
"84","古坑鄉","2017","318181","103611","298926","299986"
"86","吉安鄉","2017","5862450","4915098","6646923","5430007"
"87","名間鄉","2017","135019","161026","188103","179140"
"88","后里區","2017","1310882","2850492","5137023","3246700"
"89","和平區","2017","0","0","0","0"
"90","和美鎮","2017","3400520","2504406","4163013","4761197"
"92","員山鄉","2017","1162466","633325","403016","868431"
"93","員林市","2017","10837518","9399670","10538750","11913183"
"94","善化區","2017","5272637","5251289","4928343","10261432"
"95","東區","2017","30475902","28546508","31545995","35534820"
"96","四湖鄉","2017","83773","22066","95715","156793"
"99","國姓鄉","2017","140192","101118","140551","196584"
"100","土城區","2017","48016458","34966316","37640077","40877736"
"101","土庫鎮","2017","874590","370506","350609","748073"
"103","坪林區","2017","0","0","0","0"
"104","埔心鄉","2017","598084","605216","716134","1255478"
"105","埔里鎮","2017","3087678","2158171","3169648","3171244"
"106","埔鹽鄉","2017","80703","177395","1089784","953479"
"107","埤頭鄉","2017","710727","557675","766966","534442"
"109","士林區","2017","46942808","40146807","58990320","53123552"
"110","壯圍鄉","2017","1917744","163861","598997","175566"
"111","壽豐鄉","2017","209728","261702","220082","376987"
"112","外埔區","2017","520072","289112","374791","423233"
"114","大內區","2017","67103","23580","75227","44298"
"115","大同區","2017","15115751","10265755","13017050","13986902"
"116","大同鄉","2017","0","0","0","0"
"117","大園區","2017","11144506","10404540","10530952","10955432"
"118","大城鄉","2017","85769","83337","61968","43798"
"119","大埔鄉","2017","4493","50480","44964","27935"
"120","大埤鄉","2017","25670","14118","35628","40918"
"121","大安區","2017","79807733","56080166","63724775","69569559"
"122","大寮區","2017","7226864","8788323","8300089","7295007"
"124","大村鄉","2017","619069","221168","556985","717213"
"125","大林鎮","2017","925414","870783","3183989","882114"
"126","大樹區","2017","601302","322404","602557","841901"
"127","大武鄉","2017","36524","0","52654","32319"
"128","大湖鄉","2017","332106","78403","246274","190938"
"129","大溪區","2017","3852039","3827541","6331639","6915294"
"131","大甲區","2017","4158379","2650434","4163784","5045952"
"132","大社區","2017","3152832","2709032","5585128","4505267"
"133","大肚區","2017","2486859","1468949","2181946","2634847"
"134","大里區","2017","13226357","22044876","21097927","20349777"
"135","大雅區","2017","9482199","7904580","5970430","5514215"
"136","太保市","2017","2967454","2861358","12777661","5914747"
"137","太平區","2017","47318411","27217330","23828708","34309593"
"138","太麻里鄉","2017","78025","94677","109879","70006"
"140","學甲區","2017","667180","556966","586534","871014"
"141","安南區","2017","17946312","12784508","16047927","24716126"
"142","安定區","2017","100929","26695","84536","31086"
"143","安平區","2017","8300212","9521852","16680048","13563471"
"144","安樂區","2017","23416827","10678700","17568234","18240779"
"145","官田區","2017","1901694","450640","555206","422837"
"146","宜蘭市","2017","13644981","12824251","16160497","15404424"
"147","富里鄉","2017","85651","185835","5467","49759"
"148","寶山鄉","2017","3112224","7674410","2274092","1387389"
"149","將軍區","2017","351736","187559","212571","54326"
"151","小港區","2017","12124624","11081136","13298003","13425234"
"154","尖石鄉","2017","0","0","0","0"
"155","屏東市","2017","0","0","0","0"
"156","山上區","2017","429793","797033","636048","250077"
"157","岡山區","2017","6892361","5680684","7495092","7515420"
"158","峨眉鄉","2017","0","0","0","0"
"159","崁頂鄉","2017","440839","103113","89974","165030"
"160","崙背鄉","2017","487654","283485","343586","675138"
"161","左營區","2017","27061658","24885439","32936017","26449865"
"162","左鎮區","2017","0","0","0","0"
"163","布袋鎮","2017","288828","148132","211448","208991"
"164","平溪區","2017","0","0","0","0"
"165","平鎮區","2017","17706235","15362648","21654674","23604674"
"167","延平鄉","2017","0","0","0","0"
"168","彌陀區","2017","479226","459677","342274","215971"
"169","彰化市","2017","17844824","12442207","17859892","16963278"
"170","後壁區","2017","22269","33513","15893","34846"
"171","後龍鎮","2017","1924442","786843","739928","1130574"
"173","復興區","2017","1800","0","15119","60078"
"174","恆春鎮","2017","1644555","1117252","1413834","3336387"
"175","成功鎮","2017","137740","155368","95903","68615"
"177","文山區","2017","46898106","45408689","54162837","66101920"
"178","斗六市","2017","6040105","6455196","10452558","7006325"
"179","斗南鎮","2017","2084323","1638998","1345566","1468043"
"180","新化區","2017","821340","748470","578448","751844"
"181","新園鄉","2017","535700","562721","389003","682374"
"182","新城鄉","2017","698755","1059164","1631465","1421414"
"183","新埔鎮","2017","341659","483337","784255","609889"
"184","新埤鄉","2017","50537","78955","69073","274465"
"186","新屋區","2017","914737","1206314","1567389","891640"
"188","新市區","2017","2805288","1684211","5841073","5077561"
"189","新店區","2017","101597655","53658421","105862584","76639007"
"190","新港鄉","2017","872796","250450","514426","1081475"
"191","新營區","2017","4726054","4248056","4987449","5495300"
"192","新社區","2017","74692","37202","197970","145835"
"193","新興區","2017","545357","647170","448430","594743"
"194","新莊區","2017","86852587","105250367","91947537","90159223"
"195","新豐鄉","2017","2083144","3197289","3357505","2584344"
"196","旗山區","2017","440711","415326","711405","925116"
"197","旗津區","2017","457309","224776","452560","759098"
"200","春日鄉","2017","0","0","0","0"
"202","暖暖區","2017","5190799","4573690","6195442","5965322"
"203","望安鄉","2017","0","0","0","0"
"204","朴子市","2017","2367525","1606861","2417966","3787359"
"206","杉林區","2017","0","0","0","0"
"208","東勢區","2017","1968815","1860527","2018481","1703429"
"209","東勢鄉","2017","110851","265487","377409","151741"
"210","東區","2017","30475902","28546508","31545995","35534820"
"212","東山區","2017","169952","78940","142986","84577"
"213","東引鄉","2017","4617","4700","0","0"
"215","東河鄉","2017","56437","0","119394","41923"
"216","東港鎮","2017","3683043","4423764","4481703","4211606"
"217","東石鄉","2017","0","0","0","0"
"218","松山區","2017","36776993","30343130","34979877","39245774"
"220","板橋區","2017","126823340","101203389","132274205","168263887"
"221","枋寮鄉","2017","380711","296526","297159","550231"
"222","枋山鄉","2017","0","0","0","0"
"223","林內鄉","2017","151072","171107","181685","373534"
"224","林口區","2017","38894033","33426577","41437392","45715762"
"225","林園區","2017","3026429","4116446","3737923","2868253"
"226","林邊鄉","2017","200156","156383","210246","146502"
"227","柳營區","2017","631885","1736283","588655","1144789"
"228","桃園區","2017","74133096","62540430","79101244","93262396"
"229","桃源區","2017","0","0","0","0"
"230","梅山鄉","2017","324452","402328","300164","327194"
"231","梓官區","2017","950570","682084","575791","822310"
"232","梧棲區","2017","7151894","3836995","6003264","7780263"
"233","楊梅區","2017","19890359","14975242","26241946","25072707"
"234","楠梓區","2017","24017230","24840421","31536144","29369235"
"235","楠西區","2017","69379","121504","155848","334998"
"236","樹林區","2017","23500510","14530061","18234025","16512801"
"237","橋頭區","2017","3570682","2679244","6632164","3788140"
"238","橫山鄉","2017","177987","30877","293767","151305"
"242","歸仁區","2017","2275671","2462625","4029592","4438152"
"243","民雄鄉","2017","2834616","3944747","3257465","3403448"
"244","水上鄉","2017","318942","1433602","587587","1058376"
"245","水林鄉","2017","41175","0","310012","94587"
"246","水里鄉","2017","294217","154535","377924","116743"
"247","永和區","2017","34235100","35322282","39429388","39462529"
"248","永安區","2017","0","0","0","0"
"249","永康區","2017","37205917","23800665","27996878","37158871"
"250","永靖鄉","2017","196553","789312","243644","345115"
"251","汐止區","2017","46970135","36951356","40233102","46438866"
"254","池上鄉","2017","187532","120515","301127","161555"
"255","沙鹿區","2017","14575924","11122207","19759339","14904071"
"256","泰安鄉","2017","0","0","0","0"
"257","泰山區","2017","7933423","11599982","10964914","11675900"
"258","泰武鄉","2017","0","0","0","0"
"259","海端鄉","2017","0","0","0","0"
"260","淡水區","2017","129033529","90378037","64115285","69085536"
"261","深坑區","2017","2426742","1727223","2583683","1554108"
"262","清水區","2017","5835359","3403457","4754286","7667190"
"266","湖內區","2017","2105995","2006925","2139233","1380911"
"267","湖口鄉","2017","4534181","4852580","6779734","5114680"
"268","湖西鄉","2017","0","0","0","0"
"269","溪口鄉","2017","38211","128496","67158","83749"
"270","溪州鄉","2017","203431","248977","525222","367063"
"271","溪湖鎮","2017","2379071","1850669","3213735","2174973"
"272","滿州鄉","2017","69218","9061","42412","21111"
"273","潭子區","2017","8099198","10682046","11129048","10585385"
"274","潮州鎮","2017","3166348","3498833","3959742","3737410"
"275","烈嶼鄉","2017","9210","7752","21212","52337"
"276","烏來區","2017","7134","0","0","0"
"277","烏坵鄉","2017","0","0","0","0"
"278","烏日區","2017","19807283","6813693","8372271","9077714"
"279","燕巢區","2017","959863","756466","1013840","996921"
"280","牡丹鄉","2017","0","0","0","0"
"282","獅子鄉","2017","0","0","0","0"
"283","獅潭鄉","2017","0","0","0","0"
"284","玉井區","2017","507200","365145","1120343","331038"
"285","玉里鎮","2017","317593","518511","731024","865062"
"286","琉球鄉","2017","491029","131119","111033","287161"
"288","瑞穗鄉","2017","45439","228288","413935","538802"
"289","瑞芳區","2017","53774","163264","165530","354010"
"290","瑪家鄉","2017","0","0","0","0"
"291","田中鎮","2017","1145965","1197037","1300139","971989"
"292","田寮區","2017","15127","0","0","0"
"293","田尾鄉","2017","756786","331988","535783","334416"
"294","甲仙區","2017","151678","44206","53842","76570"
"296","番路鄉","2017","90080","133521","171259","210222"
"297","白沙鄉","2017","23817","13979","17494","55242"
"298","白河區","2017","396022","383019","525787","903461"
"300","石岡區","2017","156749","161846","91176","36600"
"301","石碇區","2017","0","0","0","0"
"302","石門區","2017","47027","0","19637","20513"
"303","礁溪鄉","2017","16924754","4862150","6580717","5171111"
"304","社頭鄉","2017","856170","1163777","1327479","1190279"
"305","神岡區","2017","2706885","3330410","3626878","4334397"
"308","福興鄉","2017","2051749","362344","176293","419611"
"309","秀林鄉","2017","14824","68186","60229","12198"
"310","秀水鄉","2017","1061701","360519","965619","497006"
"313","竹北市","2017","87251550","71901247","34780436","63619656"
"314","竹南鎮","2017","13923727","10985209","14156346","16681109"
"315","竹塘鄉","2017","62750","22719","313097","40580"
"316","竹山鎮","2017","2182685","2098152","2949661","1981491"
"317","竹崎鄉","2017","48472","148178","225627","503877"
"318","竹東鎮","2017","8034267","9174222","13748288","8525139"
"319","竹田鄉","2017","7956","41673","31638","34939"
"320","綠島鄉","2017","0","0","0","0"
"321","線西鄉","2017","136669","76042","86639","373016"
"323","羅東鎮","2017","5359581","5856837","6137988","6058602"
"324","美濃區","2017","412895","582460","800344","416800"
"325","義竹鄉","2017","107043","13683","77127","149154"
"327","北區","2017","36597987","36037124","41957294","49253391"
"328","東區","2017","30475902","28546508","31545995","35534820"
"329","中山區","2017","50085177","47739022","46900544","72165925"
"330","中正區","2017","44709242","29217635","37655540","40317811"
"331","信義區","2017","45255574","44253883","47307272","52725168"
"332","大安區","2017","79807733","56080166","63724775","69569559"
"333","北區","2017","36597987","36037124","41957294","49253391"
"334","南區","2017","47075174","37475235","46698123","49741652"
"335","東區","2017","30475902","28546508","31545995","35534820"
"336","臺東市","2017","0","0","0","0"
"337","臺西鄉","2017","0","0","0","0"
"338","芎林鄉","2017","658751","413675","880405","603466"
"339","芬園鄉","2017","130110","55756","180578","589094"
"340","花壇鄉","2017","1435993","288685","1252447","1076071"
"341","花蓮市","2017","14317944","12478365","13980089","15667582"
"342","芳苑鄉","2017","0","0","0","0"
"343","苑裡鎮","2017","1236033","1393908","1864506","1173220"
"344","苓雅區","2017","13962616","13493708","14625003","15569276"
"345","苗栗市","2017","6216153","4865668","6235316","7580232"
"346","茂林區","2017","0","0","0","0"
"347","茄萣區","2017","1564044","1356025","856863","949155"
"348","草屯鎮","2017","5206396","4134517","6689311","4886295"
"350","莒光鄉","2017","0","0","0","0"
"351","莿桐鄉","2017","236609","817700","422960","365881"
"352","萬丹鄉","2017","602086","531885","1583624","702233"
"353","萬巒鄉","2017","191458","129263","55228","127445"
"354","萬榮鄉","2017","0","0","0","0"
"355","萬華區","2017","17243107","16563920","23564748","21933021"
"356","萬里區","2017","230851","244690","490040","430539"
"358","蘆洲區","2017","44478238","26506716","33263388","31770383"
"359","蘆竹區","2017","24812429","30216470","25387773","29625999"
"360","蘇澳鎮","2017","1837524","1411868","1304350","1514437"
"361","蘭嶼鄉","2017","0","0","0","0"
"362","虎尾鎮","2017","4853648","3288493","4023871","4242303"
"363","褒忠鄉","2017","78563","105849","57234","285299"
"364","西區","2017","16713994","27085327","20751054","22769610"
"365","西屯區","2017","53686690","79087514","60837459","59646278"
"366","西嶼鄉","2017","0","0","0","0"
"368","西港區","2017","316091","343656","610978","656801"
"369","西湖鄉","2017","0","0","0","0"
"370","西螺鎮","2017","2867085","1767454","2568424","2851797"
"371","觀音區","2017","1273925","4632703","3762067","6053957"
"374","豐原區","2017","13902797","10254738","15070088","23561740"
"375","豐濱鄉","2017","16997","0","14509","0"
"376","貢寮區","2017","39942","61651","101367","171421"
"378","路竹區","2017","2654352","2228968","1365236","1366334"
"379","車城鄉","2017","133671","43286","147913","146456"
"380","通霄鎮","2017","353971","316763","396949","203117"
"381","造橋鄉","2017","112084","21503","34617","27670"
"382","達仁鄉","2017","0","0","0","0"
"383","那瑪夏區","2017","0","0","0","0"
"385","里港鄉","2017","682187","484259","498022","384758"
"386","金城鎮","2017","1053818","680115","928975","1245468"
"387","金寧鄉","2017","597294","860612","1575567","819062"
"388","金山區","2017","657979","533186","1168698","647717"
"389","金峰鄉","2017","0","0","0","0"
"390","金沙鎮","2017","145025","411180","485648","131470"
"391","金湖鎮","2017","1362128","612996","3786099","639806"
"392","銅鑼鄉","2017","176970","368744","215317","362799"
"393","長治鄉","2017","1040584","1317368","1802566","1272667"
"394","長濱鄉","2017","35910","0","15437","17617"
"395","關山鎮","2017","386825","180323","221467","403092"
"396","關廟區","2017","988612","1324695","1382271","1596146"
"397","關西鎮","2017","911398","448203","262364","461816"
"398","阿蓮區","2017","698117","453853","862346","693357"
"399","阿里山鄉","2017","0","0","0","0"
"400","集集鎮","2017","393977","240828","418759","252232"
"401","雙溪區","2017","39011","0","51585","94855"
"402","霧峰區","2017","1510692","803702","2400801","1445445"
"403","霧臺鄉","2017","0","0","0","0"
"406","頭份市","2017","0","0","0","0"
"407","頭城鎮","2017","2086789","1116821","1297417","1287233"
"408","頭屋鄉","2017","620245","100158","47308","126244"
"409","香山區","2017","0","0","0","0"
"410","馬公市","2017","2241423","1408951","4832756","1552952"
"411","高樹鄉","2017","16192","41604","31652","31652"
"412","魚池鄉","2017","9099","68562","401260","99315"
"413","鳥松區","2017","5038598","5296953","6074546","9400067"
"414","鳳山區","2017","48343819","41230609","58786423","60188005"
"415","鳳林鎮","2017","187921","119137","102327","201161"
"416","鶯歌區","2017","14954459","7520980","10107230","15749516"
"417","鹽埔鄉","2017","126549","153586","121099","129864"
"418","鹽埕區","2017","625113","706385","724622","307237"
"419","鹽水區","2017","851362","412725","1251191","1134749"
"420","鹿港鎮","2017","3292148","2344551","3487679","3404442"
"421","鹿草鄉","2017","375789","123002","87992","83565"
"422","鹿谷鄉","2017","251488","194450","294342","240949"
"423","鹿野鄉","2017","77227","64213","36368","36368"
"424","麟洛鄉","2017","155915","391126","376497","194044"
"425","麥寮鄉","2017","374299","223837","853138","504408"
"426","麻豆區","2017","1194204","1232527","1760386","2770882"
"427","鼓山區","2017","23112701","21348945","26504912","25252251"
"428","龍井區","2017","6850806","4327142","5397133","6564542"
"429","龍崎區","2017","0","0","0","0"
"430","龍潭區","2017","4976893","2503884","17883705","2739523"
"431","龜山區","2017","15632889","12207634","22833675","24203789"
